Workbook

Sheet Candidatos
A1: Nome do inscrito(a) | B1: Data de inscrição | C1: e-mail | D1: Contato | E1: Região | F1: Turma | G1: Idade | H1: Renda Familiar | I1: Equipe NAU | J1: Agendamento | K1: Status | L1: Motivo | M1: Comentarios
A2: =Database!B2 | B2: =Database!A2 | C2: =Database!D2 | D2: =Database!E2 | E2: =Database!F2 | F2: =Database!G2 | G2: =Database!C2 | H2: =Database!H2
A3: =Database!B3 | B3: =Database!A3 | C3: =Database!D3 | D3: =Database!E3 | E3: =Database!F3 | F3: =Database!G3 | G3: =Database!C3 | H3: =Database!H3
A4: =Database!B4 | B4: =Database!A4 | C4: =Database!D4 | D4: =Database!E4 | E4: =Database!F4 | F4: =Database!G4 | G4: =Database!C4 | H4: =Database!H4
A5: =Database!B5 | B5: =Database!A5 | C5: =Database!D5 | D5: =Database!E5 | E5: =Database!F5 | F5: =Database!G5 | G5: =Database!C5 | H5: =Database!H5
A6: =Database!B6 | B6: =Database!A6 | C6: =Database!D6 | D6: =Database!E6 | E6: =Database!F6 | F6: =Database!G6 | G6: =Database!C6 | H6: =Database!H6
A7: =Database!B7 | B7: =Database!A7 | C7: =Database!D7 | D7: =Database!E7 | E7: =Database!F7 | F7: =Database!G7 | G7: =Database!C7 | H7: =Database!H7
A8: =Database!B8 | B8: =Database!A8 | C8: =Database!D8 | D8: =Database!E8 | E8: =Database!F8 | F8: =Database!G8 | G8: =Database!C8 | H8: =Database!H8
A9: =Database!B9 | B9: =Database!A9 | C9: =Database!D9 | D9: =Database!E9 | E9: =Database!F9 | F9: =Database!G9 | G9: =Database!C9 | H9: =Database!H9
A10: =Database!B10 | B10: =Database!A10 | C10: =Database!D10 | D10: =Database!E10 | E10: =Database!F10 | F10: =Database!G10 | G10: =Database!C10 | H10: =Database!H10
A11: =Database!B11 | B11: =Database!A11 | C11: =Database!D11 | D11: =Database!E11 | E11: =Database!F11 | F11: =Database!G11 | G11: =Database!C11 | H11: =Database!H11
A12: =Database!B12 | B12: =Database!A12 | C12: =Database!D12 | D12: =Database!E12 | E12: =Database!F12 | F12: =Database!G12 | G12: =Database!C12 | H12: =Database!H12
A13: =Database!B13 | B13: =Database!A13 | C13: =Database!D13 | D13: =Database!E13 | E13: =Database!F13 | F13: =Database!G13 | G13: =Database!C13 | H13: =Database!H13
... A25: =Database!B25 | B25: =Database!A25 | C25: =Database!D25 | D25: =Database!E25 | E25: =Database!F25 | F25: =Database!G25 | G25: =Database!C25 | H25: =Database!H25
A26: =Database!B26 | B26: =Database!A26 | C26: =Database!D26 | D26: =Database!E26 | E26: =Database!F26 | F26: =Database!G26 | G26: =Database!C26 | H26: =Database!H26 | P26: 45852
A27: =Database!B27 | B27: =Database!A27 | C27: =Database!D27 | D27: =Database!E27 | E27: =Database!F27 | F27: =Database!G27 | G27: =Database!C27 | H27: =Database!H27
A28: =Database!B28 | B28: =Database!A28 | C28: =Database!D28 | D28: =Database!E28 | E28: =Database!F28 | F28: =Database!G28 | G28: =Database!C28 | H28: =Database!H28
A29: =Database!B29 | B29: =Database!A29 | C29: =Database!D29 | D29: =Database!E29 | E29: =Database!F29 | F29: =Database!G29 | G29: =Database!C29 | H29: =Database!H29
A30: =Database!B30 | B30: =Database!A30 | C30: =Database!D30 | D30: =Database!E30 | E30: =Database!F30 | F30: =Database!G30 | G30: =Database!C30 | H30: =Database!H30
A31: =Database!B31 | B31: =Database!A31 | C31: =Database!D31 | D31: =Database!E31 | E31: =Database!F31 | F31: =Database!G31 | G31: =Database!C31 | H31: =Database!H31
A32: =Database!B32 | B32: =Database!A32 | C32: =Database!D32 | D32: =Database!E32 | E32: =Database!F32 | F32: =Database!G32 | G32: =Database!C32 | H32: =Database!H32
A33: =Database!B33 | B33: =Database!A33 | C33: =Database!D33 | D33: =Database!E33 | E33: =Database!F33 | F33: =Database!G33 | G33: =Database!C33 | H33: =Database!H33
A34: =Database!B34 | B34: =Database!A34 | C34: =Database!D34 | D34: =Database!E34 | E34: =Database!F34 | F34: =Database!G34 | G34: =Database!C34 | H34: =Database!H34
A35: =Database!B35 | B35: =Database!A35 | C35: =Database!D35 | D35: =Database!E35 | E35: =Database!F35 | F35: =Database!G35 | G35: =Database!C35 | H35: =Database!H35
A36: =Database!B36 | B36: =Database!A36 | C36: =Database!D36 | D36: =Database!E36 | E36: =Database!F36 | F36: =Database!G36 | G36: =Database!C36 | H36: =Database!H36
A37: =Database!B37 | B37: =Database!A37 | C37: =Database!D37 | D37: =Database!E37 | E37: =Database!F37 | F37: =Database!G37 | G37: =Database!C37 | H37: =Database!H37
A38: =Database!B38 | B38: =Database!A38 | C38: =Database!D38 | D38: =Database!E38 | E38: =Database!F38 | F38: =Database!G38 | G38: =Database!C38 | H38: =Database!H38
... A758: =Database!B758 | B758: =Database!A758 | C758: =Database!D758 | D758: =Database!E758 | E758: =Database!F758 | F758: =Database!G758 | G758: =Database!C758 | H758: =Database!H758
A759: =Database!B759 | B759: =Database!A759 | C759: =Database!D759 | D759: =Database!E759 | F759: =Database!G759 | G759: =Database!C759 | H759: =Database!H759
A760: =Database!B760 | B760: =Database!A760 | C760: =Database!D760 | D760: =Database!E760 | F760: =Database!G760 | G760: =Database!C760 | H760: =Database!H760
A761: =Database!B761 | B761: =Database!A761 | C761: =Database!D761 | D761: =Database!E761 | F761: =Database!G761 | G761: =Database!C761 | H761: =Database!H761
A762: =Database!B762 | B762: =Database!A762 | C762: =Database!D762 | D762: =Database!E762 | F762: =Database!G762 | G762: =Database!C762 | H762: =Database!H762
A763: =Database!B763 | B763: =Database!A763 | C763: =Database!D763 | D763: =Database!E763 | F763: =Database!G763 | G763: =Database!C763 | H763: =Database!H763
A764: =Database!B764 | B764: =Database!A764 | C764: =Database!D764 | D764: =Database!E764 | G764: =Database!C764 | H764: =Database!H764
A765: =Database!B765 | B765: =Database!A765 | C765: =Database!D765 | D765: =Database!E765 | G765: =Database!C765 | H765: =Database!H765
A766: =Database!B766 | B766: =Database!A766 | C766: =Database!D766 | D766: =Database!E766 | G766: =Database!C766 | H766: =Database!H766
A767: =Database!B767 | B767: =Database!A767 | C767: =Database!D767 | D767: =Database!E767 | H767: =Database!H767
A768: =Database!B768 | B768: =Database!A768 | C768: =Database!D768 | D768: =Database!E768 | H768: =Database!H768
A769: =Database!B769 | B769: =Database!A769 | C769: =Database!D769 | D769: =Database!E769 | H769: =Database!H769
A770: =Database!B770 | B770: =Database!A770 | C770: =Database!D770 | D770: =Database!E770 | H770: =Database!H770
A771: =Database!B771 | B771: =Database!A771 | C771: =Database!D771 | D771: =Database!E771 | H771: =Database!H771
A772: =Database!B772 | B772: =Database!A772 | C772: =Database!D772 | D772: =Database!E772 | H772: =Database!H772
A773: =Database!B773 | B773: =Database!A773 | C773: =Database!D773 | D773: =Database!E773 | H773: =Database!H773
A774: =Database!B774 | B774: =Database!A774 | C774: =Database!D774 | D774: =Database!E774 | H774: =Database!H774
A775: =Database!B775 | B775: =Database!A775 | C775: =Database!D775 | D775: =Database!E775 | H775: =Database!H775
A776: =Database!B776 | B776: =Database!A776 | C776: =Database!D776 | D776: =Database!E776 | H776: =Database!H776
A777: =Database!B777 | B777: =Database!A777 | C777: =Database!D777 | D777: =Database!E777 | H777: =Database!H777
A778: =Database!B778 | B778: =Database!A778 | C778: =Database!D778 | D778: =Database!E778 | H778: =Database!H778
... A786: =Database!B786 | B786: =Database!A786 | C786: =Database!D786 | D786: =Database!E786 | H786: =Database!H786
B787: =Database!A787 | C787: =Database!D787 | D787: =Database!E787 | H787: =Database!H787
B788: =Database!A788 | C788: =Database!D788 | D788: =Database!E788 | H788: =Database!H788
B789: =Database!A789 | C789: =Database!D789 | D789: =Database!E789 | H789: =Database!H789
B790: =Database!A790 | C790: =Database!D790 | D790: =Database!E790 | H790: =Database!H790
C791: =Database!D791 | D791: =Database!E791 | H791: =Database!H791
C792: =Database!D792 | D792: =Database!E792 | H792: =Database!H792
C793: =Database!D793 | D793: =Database!E793 | H793: =Database!H793
C794: =Database!D794 | D794: =Database!E794 | H794: =Database!H794
C795: =Database!D795 | D795: =Database!E795 | H795: =Database!H795
C796: =Database!D796 | D796: =Database!E796 | H796: =Database!H796
C797: =Database!D797 | D797: =Database!E797 | H797: =Database!H797
C798: =Database!D798 | D798: =Database!E798 | H798: =Database!H798
C799: =Database!D799 | D799: =Database!E799 | H799: =Database!H799
C800: =Database!D800 | D800: =Database!E800 | H800: =Database!H800
C801: =Database!D801 | D801: =Database!E801 | H801: =Database!H801
C802: =Database!D802 | D802: =Database!E802 | H802: =Database!H802
... C808: =Database!D808 | D808: =Database!E808 | H808: =Database!H808
D809: =Database!E809 | H809: =Database!H809
D810: =Database!E810 | H810: =Database!H810
D811: =Database!E811 | H811: =Database!H811
D812: =Database!E812 | H812: =Database!H812
D813: =Database!E813 | H813: =Database!H813
D814: =Database!E814 | H814: =Database!H814
D815: =Database!E815 | H815: =Database!H815
D816: =Database!E816 | H816: =Database!H816
D817: =Database!E817 | H817: =Database!H817
D818: =Database!E818 | H818: =Database!H818
D819: =Database!E819 | H819: =Database!H819
D820: =Database!E820 | H820: =Database!H820
... D835: =Database!E835 | H835: =Database!H835
D836: =Database!E836
D837: =Database!E837
D838: =Database!E838
D839: =Database!E839
D840: =Database!E840
D841: =Database!E841

Sheet Aprovados
A1: Nome do inscrito(a) | B1: Data de inscrição | C1: e-mail | D1: Contato | E1: Região | F1: Turma | G1: Idade | H1: Renda Familiar | I1: Equipe NAU | J1: Agendamento | K1: Motivo | L1: Comentarios
A2: =IF(Candidatos!$K2="Aprovado",Candidatos!A2,"") | B2: =IF(Candidatos!$K2="Aprovado",Candidatos!B2,"") | C2: =IF(Candidatos!$K2="Aprovado",Candidatos!C2,"") | D2: =IF(Candidatos!$K2="Aprovado",Candidatos!D2,"") | E2: =IF(Candidatos!$K2="Aprovado",Candidatos!E2,"") | F2: =IF(Candidatos!$K2="Aprovado",Candidatos!F2,"") | G2: =IF(Candidatos!$K2="Aprovado",Database!C2,"") | H2: =IF(Candidatos!$K2="Aprovado",Candidatos!H2,"") | I2: =IF(Candidatos!$K2="Aprovado",Candidatos!I2,"") | J2: =IF(Candidatos!$K2="Aprovado",Candidatos!J2,"") | K2: =IF(Candidatos!$K2="Aprovado",Candidatos!L2,"") | L2: =IF(Candidatos!$K2="Aprovado",Candidatos!M2,"")
A3: =IF(Candidatos!$K3="Aprovado",Candidatos!A3,"") | B3: =IF(Candidatos!$K3="Aprovado",Candidatos!B3,"") | C3: =IF(Candidatos!$K3="Aprovado",Candidatos!C3,"") | D3: =IF(Candidatos!$K3="Aprovado",Candidatos!D3,"") | E3: =IF(Candidatos!$K3="Aprovado",Candidatos!E3,"") | F3: =IF(Candidatos!$K3="Aprovado",Candidatos!F3,"") | G3: =IF(Candidatos!$K3="Aprovado",Database!C3,"") | H3: =IF(Candidatos!$K3="Aprovado",Candidatos!H3,"") | I3: =IF(Candidatos!$K3="Aprovado",Candidatos!I3,"") | J3: =IF(Candidatos!$K3="Aprovado",Candidatos!J3,"") | K3: =IF(Candidatos!$K3="Aprovado",Candidatos!L3,"") | L3: =IF(Candidatos!$K3="Aprovado",Candidatos!M3,"")
A4: =IF(Candidatos!$K4="Aprovado",Candidatos!A4,"") | B4: =IF(Candidatos!$K4="Aprovado",Candidatos!B4,"") | C4: =IF(Candidatos!$K4="Aprovado",Candidatos!C4,"") | D4: =IF(Candidatos!$K4="Aprovado",Candidatos!D4,"") | E4: =IF(Candidatos!$K4="Aprovado",Candidatos!E4,"") | F4: =IF(Candidatos!$K4="Aprovado",Candidatos!F4,"") | G4: =IF(Candidatos!$K4="Aprovado",Database!C4,"") | H4: =IF(Candidatos!$K4="Aprovado",Candidatos!H4,"") | I4: =IF(Candidatos!$K4="Aprovado",Candidatos!I4,"") | J4: =IF(Candidatos!$K4="Aprovado",Candidatos!J4,"") | K4: =IF(Candidatos!$K4="Aprovado",Candidatos!L4,"") | L4: =IF(Candidatos!$K4="Aprovado",Candidatos!M4,"")
A5: =IF(Candidatos!$K5="Aprovado",Candidatos!A5,"") | B5: =IF(Candidatos!$K5="Aprovado",Candidatos!B5,"") | C5: =IF(Candidatos!$K5="Aprovado",Candidatos!C5,"") | D5: =IF(Candidatos!$K5="Aprovado",Candidatos!D5,"") | E5: =IF(Candidatos!$K5="Aprovado",Candidatos!E5,"") | F5: =IF(Candidatos!$K5="Aprovado",Candidatos!F5,"") | G5: =IF(Candidatos!$K5="Aprovado",Database!C5,"") | H5: =IF(Candidatos!$K5="Aprovado",Candidatos!H5,"") | I5: =IF(Candidatos!$K5="Aprovado",Candidatos!I5,"") | J5: =IF(Candidatos!$K5="Aprovado",Candidatos!J5,"") | K5: =IF(Candidatos!$K5="Aprovado",Candidatos!L5,"") | L5: =IF(Candidatos!$K5="Aprovado",Candidatos!M5,"")
A6: =IF(Candidatos!$K6="Aprovado",Candidatos!A6,"") | B6: =IF(Candidatos!$K6="Aprovado",Candidatos!B6,"") | C6: =IF(Candidatos!$K6="Aprovado",Candidatos!C6,"") | D6: =IF(Candidatos!$K6="Aprovado",Candidatos!D6,"") | E6: =IF(Candidatos!$K6="Aprovado",Candidatos!E6,"") | F6: =IF(Candidatos!$K6="Aprovado",Candidatos!F6,"") | G6: =IF(Candidatos!$K6="Aprovado",Database!C6,"") | H6: =IF(Candidatos!$K6="Aprovado",Candidatos!H6,"") | I6: =IF(Candidatos!$K6="Aprovado",Candidatos!I6,"") | J6: =IF(Candidatos!$K6="Aprovado",Candidatos!J6,"") | K6: =IF(Candidatos!$K6="Aprovado",Candidatos!L6,"") | L6: =IF(Candidatos!$K6="Aprovado",Candidatos!M6,"")
A7: =IF(Candidatos!$K7="Aprovado",Candidatos!A7,"") | B7: =IF(Candidatos!$K7="Aprovado",Candidatos!B7,"") | C7: =IF(Candidatos!$K7="Aprovado",Candidatos!C7,"") | D7: =IF(Candidatos!$K7="Aprovado",Candidatos!D7,"") | E7: =IF(Candidatos!$K7="Aprovado",Candidatos!E7,"") | F7: =IF(Candidatos!$K7="Aprovado",Candidatos!F7,"") | G7: =IF(Candidatos!$K7="Aprovado",Database!C7,"") | H7: =IF(Candidatos!$K7="Aprovado",Candidatos!H7,"") | I7: =IF(Candidatos!$K7="Aprovado",Candidatos!I7,"") | J7: =IF(Candidatos!$K7="Aprovado",Candidatos!J7,"") | K7: =IF(Candidatos!$K7="Aprovado",Candidatos!L7,"") | L7: =IF(Candidatos!$K7="Aprovado",Candidatos!M7,"")
A8: =IF(Candidatos!$K8="Aprovado",Candidatos!A8,"") | B8: =IF(Candidatos!$K8="Aprovado",Candidatos!B8,"") | C8: =IF(Candidatos!$K8="Aprovado",Candidatos!C8,"") | D8: =IF(Candidatos!$K8="Aprovado",Candidatos!D8,"") | E8: =IF(Candidatos!$K8="Aprovado",Candidatos!E8,"") | F8: =IF(Candidatos!$K8="Aprovado",Candidatos!F8,"") | G8: =IF(Candidatos!$K8="Aprovado",Database!C8,"") | H8: =IF(Candidatos!$K8="Aprovado",Candidatos!H8,"") | I8: =IF(Candidatos!$K8="Aprovado",Candidatos!I8,"") | J8: =IF(Candidatos!$K8="Aprovado",Candidatos!J8,"") | K8: =IF(Candidatos!$K8="Aprovado",Candidatos!L8,"") | L8: =IF(Candidatos!$K8="Aprovado",Candidatos!M8,"")
A9: =IF(Candidatos!$K9="Aprovado",Candidatos!A9,"") | B9: =IF(Candidatos!$K9="Aprovado",Candidatos!B9,"") | C9: =IF(Candidatos!$K9="Aprovado",Candidatos!C9,"") | D9: =IF(Candidatos!$K9="Aprovado",Candidatos!D9,"") | E9: =IF(Candidatos!$K9="Aprovado",Candidatos!E9,"") | F9: =IF(Candidatos!$K9="Aprovado",Candidatos!F9,"") | G9: =IF(Candidatos!$K9="Aprovado",Database!C9,"") | H9: =IF(Candidatos!$K9="Aprovado",Candidatos!H9,"") | I9: =IF(Candidatos!$K9="Aprovado",Candidatos!I9,"") | J9: =IF(Candidatos!$K9="Aprovado",Candidatos!J9,"") | K9: =IF(Candidatos!$K9="Aprovado",Candidatos!L9,"") | L9: =IF(Candidatos!$K9="Aprovado",Candidatos!M9,"")
A10: =IF(Candidatos!$K10="Aprovado",Candidatos!A10,"") | B10: =IF(Candidatos!$K10="Aprovado",Candidatos!B10,"") | C10: =IF(Candidatos!$K10="Aprovado",Candidatos!C10,"") | D10: =IF(Candidatos!$K10="Aprovado",Candidatos!D10,"") | E10: =IF(Candidatos!$K10="Aprovado",Candidatos!E10,"") | F10: =IF(Candidatos!$K10="Aprovado",Candidatos!F10,"") | G10: =IF(Candidatos!$K10="Aprovado",Database!C10,"") | H10: =IF(Candidatos!$K10="Aprovado",Candidatos!H10,"") | I10: =IF(Candidatos!$K10="Aprovado",Candidatos!I10,"") | J10: =IF(Candidatos!$K10="Aprovado",Candidatos!J10,"") | K10: =IF(Candidatos!$K10="Aprovado",Candidatos!L10,"") | L10: =IF(Candidatos!$K10="Aprovado",Candidatos!M10,"")
A11: =IF(Candidatos!$K11="Aprovado",Candidatos!A11,"") | B11: =IF(Candidatos!$K11="Aprovado",Candidatos!B11,"") | C11: =IF(Candidatos!$K11="Aprovado",Candidatos!C11,"") | D11: =IF(Candidatos!$K11="Aprovado",Candidatos!D11,"") | E11: =IF(Candidatos!$K11="Aprovado",Candidatos!E11,"") | F11: =IF(Candidatos!$K11="Aprovado",Candidatos!F11,"") | G11: =IF(Candidatos!$K11="Aprovado",Database!C11,"") | H11: =IF(Candidatos!$K11="Aprovado",Candidatos!H11,"") | I11: =IF(Candidatos!$K11="Aprovado",Candidatos!I11,"") | J11: =IF(Candidatos!$K11="Aprovado",Candidatos!J11,"") | K11: =IF(Candidatos!$K11="Aprovado",Candidatos!L11,"") | L11: =IF(Candidatos!$K11="Aprovado",Candidatos!M11,"")
A12: =IF(Candidatos!$K12="Aprovado",Candidatos!A12,"") | B12: =IF(Candidatos!$K12="Aprovado",Candidatos!B12,"") | C12: =IF(Candidatos!$K12="Aprovado",Candidatos!C12,"") | D12: =IF(Candidatos!$K12="Aprovado",Candidatos!D12,"") | E12: =IF(Candidatos!$K12="Aprovado",Candidatos!E12,"") | F12: =IF(Candidatos!$K12="Aprovado",Candidatos!F12,"") | G12: =IF(Candidatos!$K12="Aprovado",Database!C12,"") | H12: =IF(Candidatos!$K12="Aprovado",Candidatos!H12,"") | I12: =IF(Candidatos!$K12="Aprovado",Candidatos!I12,"") | J12: =IF(Candidatos!$K12="Aprovado",Candidatos!J12,"") | K12: =IF(Candidatos!$K12="Aprovado",Candidatos!L12,"") | L12: =IF(Candidatos!$K12="Aprovado",Candidatos!M12,"")
A13: =IF(Candidatos!$K13="Aprovado",Candidatos!A13,"") | B13: =IF(Candidatos!$K13="Aprovado",Candidatos!B13,"") | C13: =IF(Candidatos!$K13="Aprovado",Candidatos!C13,"") | D13: =IF(Candidatos!$K13="Aprovado",Candidatos!D13,"") | E13: =IF(Candidatos!$K13="Aprovado",Candidatos!E13,"") | F13: =IF(Candidatos!$K13="Aprovado",Candidatos!F13,"") | G13: =IF(Candidatos!$K13="Aprovado",Database!C13,"") | H13: =IF(Candidatos!$K13="Aprovado",Candidatos!H13,"") | I13: =IF(Candidatos!$K13="Aprovado",Candidatos!I13,"") | J13: =IF(Candidatos!$K13="Aprovado",Candidatos!J13,"") | K13: =IF(Candidatos!$K13="Aprovado",Candidatos!L13,"") | L13: =IF(Candidatos!$K13="Aprovado",Candidatos!M13,"")
... A281: =IF(Candidatos!$K281="Aprovado",Candidatos!A281,"") | B281: =IF(Candidatos!$K281="Aprovado",Candidatos!B281,"") | C281: =IF(Candidatos!$K281="Aprovado",Candidatos!C281,"") | D281: =IF(Candidatos!$K281="Aprovado",Candidatos!D281,"") | E281: =IF(Candidatos!$K281="Aprovado",Candidatos!E281,"") | F281: =IF(Candidatos!$K281="Aprovado",Candidatos!F281,"") | G281: =IF(Candidatos!$K281="Aprovado",Database!C281,"") | H281: =IF(Candidatos!$K281="Aprovado",Candidatos!H281,"") | I281: =IF(Candidatos!$K281="Aprovado",Candidatos!I281,"") | J281: =IF(Candidatos!$K281="Aprovado",Candidatos!J281,"") | K281: =IF(Candidatos!$K281="Aprovado",Candidatos!L281,"") | L281: =IF(Candidatos!$K281="Aprovado",Candidatos!M281,"")
A282: =IF(Candidatos!$K282="Aprovado",Candidatos!A282,"") | B282: =IF(Candidatos!$K282="Aprovado",Candidatos!B282,"") | C282: =IF(Candidatos!$K282="Aprovado",Candidatos!C282,"") | D282: =IF(Candidatos!$K282="Aprovado",Candidatos!D282,"") | E282: =IF(Candidatos!$K282="Aprovado",Candidatos!E282,"") | F282: =IF(Candidatos!$K282="Aprovado",Candidatos!F282,"") | G282: =IF(Candidatos!$K282="Aprovado",Database!C282,"") | H282: =IF(Candidatos!$K282="Aprovado",Candidatos!H282,"") | I282: =IF(Candidatos!$K282="Aprovado",Candidatos!I283,"") | J282: =IF(Candidatos!$K282="Aprovado",Candidatos!J282,"") | K282: =IF(Candidatos!$K282="Aprovado",Candidatos!L282,"") | L282: =IF(Candidatos!$K282="Aprovado",Candidatos!M282,"")
A283: =IF(Candidatos!$K283="Aprovado",Candidatos!A283,"") | B283: =IF(Candidatos!$K283="Aprovado",Candidatos!B283,"") | C283: =IF(Candidatos!$K283="Aprovado",Candidatos!C283,"") | D283: =IF(Candidatos!$K283="Aprovado",Candidatos!D283,"") | E283: =IF(Candidatos!$K283="Aprovado",Candidatos!E283,"") | F283: =IF(Candidatos!$K283="Aprovado",Candidatos!F283,"") | G283: =IF(Candidatos!$K283="Aprovado",Database!C283,"") | H283: =IF(Candidatos!$K283="Aprovado",Candidatos!H283,"") | I283: =IF(Candidatos!$K283="Aprovado",#REF!,"") | J283: =IF(Candidatos!$K283="Aprovado",Candidatos!J283,"") | K283: =IF(Candidatos!$K283="Aprovado",Candidatos!L283,"") | L283: =IF(Candidatos!$K283="Aprovado",Candidatos!M283,"")
A284: =IF(Candidatos!$K284="Aprovado",Candidatos!A284,"") | B284: =IF(Candidatos!$K284="Aprovado",Candidatos!B284,"") | C284: =IF(Candidatos!$K284="Aprovado",Candidatos!C284,"") | D284: =IF(Candidatos!$K284="Aprovado",Candidatos!D284,"") | E284: =IF(Candidatos!$K284="Aprovado",Candidatos!E284,"") | F284: =IF(Candidatos!$K284="Aprovado",Candidatos!F284,"") | G284: =IF(Candidatos!$K284="Aprovado",Database!C284,"") | H284: =IF(Candidatos!$K284="Aprovado",Candidatos!H284,"") | I284: =IF(Candidatos!$K284="Aprovado",Candidatos!I284,"") | J284: =IF(Candidatos!$K284="Aprovado",Candidatos!J284,"") | K284: =IF(Candidatos!$K284="Aprovado",Candidatos!L284,"") | L284: =IF(Candidatos!$K284="Aprovado",Candidatos!M284,"")
A285: =IF(Candidatos!$K285="Aprovado",Candidatos!A285,"") | B285: =IF(Candidatos!$K285="Aprovado",Candidatos!B285,"") | C285: =IF(Candidatos!$K285="Aprovado",Candidatos!C285,"") | D285: =IF(Candidatos!$K285="Aprovado",Candidatos!D285,"") | E285: =IF(Candidatos!$K285="Aprovado",Candidatos!E285,"") | F285: =IF(Candidatos!$K285="Aprovado",Candidatos!F285,"") | G285: =IF(Candidatos!$K285="Aprovado",Database!C285,"") | H285: =IF(Candidatos!$K285="Aprovado",Candidatos!H285,"") | I285: =IF(Candidatos!$K285="Aprovado",Candidatos!I285,"") | J285: =IF(Candidatos!$K285="Aprovado",Candidatos!J285,"") | K285: =IF(Candidatos!$K285="Aprovado",Candidatos!L285,"") | L285: =IF(Candidatos!$K285="Aprovado",Candidatos!M285,"")
A286: =IF(Candidatos!$K286="Aprovado",Candidatos!A286,"") | B286: =IF(Candidatos!$K286="Aprovado",Candidatos!B286,"") | C286: =IF(Candidatos!$K286="Aprovado",Candidatos!C286,"") | D286: =IF(Candidatos!$K286="Aprovado",Candidatos!D286,"") | E286: =IF(Candidatos!$K286="Aprovado",Candidatos!E286,"") | F286: =IF(Candidatos!$K286="Aprovado",Candidatos!F286,"") | G286: =IF(Candidatos!$K286="Aprovado",Database!C286,"") | H286: =IF(Candidatos!$K286="Aprovado",Candidatos!H286,"") | I286: =IF(Candidatos!$K286="Aprovado",Candidatos!I286,"") | J286: =IF(Candidatos!$K286="Aprovado",Candidatos!J286,"") | K286: =IF(Candidatos!$K286="Aprovado",Candidatos!L286,"") | L286: =IF(Candidatos!$K286="Aprovado",Candidatos!M286,"")
A287: =IF(Candidatos!$K287="Aprovado",Candidatos!A287,"") | B287: =IF(Candidatos!$K287="Aprovado",Candidatos!B287,"") | C287: =IF(Candidatos!$K287="Aprovado",Candidatos!C287,"") | D287: =IF(Candidatos!$K287="Aprovado",Candidatos!D287,"") | E287: =IF(Candidatos!$K287="Aprovado",Candidatos!E287,"") | F287: =IF(Candidatos!$K287="Aprovado",Candidatos!F287,"") | G287: =IF(Candidatos!$K287="Aprovado",Database!C287,"") | H287: =IF(Candidatos!$K287="Aprovado",Candidatos!H287,"") | I287: =IF(Candidatos!$K287="Aprovado",Candidatos!I287,"") | J287: =IF(Candidatos!$K287="Aprovado",Candidatos!J287,"") | K287: =IF(Candidatos!$K287="Aprovado",Candidatos!L287,"") | L287: =IF(Candidatos!$K287="Aprovado",Candidatos!M287,"")
A288: =IF(Candidatos!$K288="Aprovado",Candidatos!A288,"") | B288: =IF(Candidatos!$K288="Aprovado",Candidatos!B288,"") | C288: =IF(Candidatos!$K288="Aprovado",Candidatos!C288,"") | D288: =IF(Candidatos!$K288="Aprovado",Candidatos!D288,"") | E288: =IF(Candidatos!$K288="Aprovado",Candidatos!E288,"") | F288: =IF(Candidatos!$K288="Aprovado",Candidatos!F288,"") | G288: =IF(Candidatos!$K288="Aprovado",Database!C288,"") | H288: =IF(Candidatos!$K288="Aprovado",Candidatos!H288,"") | I288: =IF(Candidatos!$K288="Aprovado",Candidatos!I288,"") | J288: =IF(Candidatos!$K288="Aprovado",Candidatos!J288,"") | K288: =IF(Candidatos!$K288="Aprovado",Candidatos!L288,"") | L288: =IF(Candidatos!$K288="Aprovado",Candidatos!M288,"")
A289: =IF(Candidatos!$K289="Aprovado",Candidatos!A289,"") | B289: =IF(Candidatos!$K289="Aprovado",Candidatos!B289,"") | C289: =IF(Candidatos!$K289="Aprovado",Candidatos!C289,"") | D289: =IF(Candidatos!$K289="Aprovado",Candidatos!D289,"") | E289: =IF(Candidatos!$K289="Aprovado",Candidatos!E289,"") | F289: =IF(Candidatos!$K289="Aprovado",Candidatos!F289,"") | G289: =IF(Candidatos!$K289="Aprovado",Database!C289,"") | H289: =IF(Candidatos!$K289="Aprovado",Candidatos!H289,"") | I289: =IF(Candidatos!$K289="Aprovado",Candidatos!I289,"") | J289: =IF(Candidatos!$K289="Aprovado",Candidatos!J289,"") | K289: =IF(Candidatos!$K289="Aprovado",Candidatos!L289,"") | L289: =IF(Candidatos!$K289="Aprovado",Candidatos!M289,"")
A290: =IF(Candidatos!$K290="Aprovado",Candidatos!A290,"") | B290: =IF(Candidatos!$K290="Aprovado",Candidatos!B290,"") | C290: =IF(Candidatos!$K290="Aprovado",Candidatos!C290,"") | D290: =IF(Candidatos!$K290="Aprovado",Candidatos!D290,"") | E290: =IF(Candidatos!$K290="Aprovado",Candidatos!E290,"") | F290: =IF(Candidatos!$K290="Aprovado",Candidatos!F290,"") | G290: =IF(Candidatos!$K290="Aprovado",Database!C290,"") | H290: =IF(Candidatos!$K290="Aprovado",Candidatos!H290,"") | I290: =IF(Candidatos!$K290="Aprovado",Candidatos!I290,"") | J290: =IF(Candidatos!$K290="Aprovado",Candidatos!J290,"") | K290: =IF(Candidatos!$K290="Aprovado",Candidatos!L290,"") | L290: =IF(Candidatos!$K290="Aprovado",Candidatos!M290,"")
A291: =IF(Candidatos!$K291="Aprovado",Candidatos!A291,"") | B291: =IF(Candidatos!$K291="Aprovado",Candidatos!B291,"") | C291: =IF(Candidatos!$K291="Aprovado",Candidatos!C291,"") | D291: =IF(Candidatos!$K291="Aprovado",Candidatos!D291,"") | E291: =IF(Candidatos!$K291="Aprovado",Candidatos!E291,"") | F291: =IF(Candidatos!$K291="Aprovado",Candidatos!F291,"") | G291: =IF(Candidatos!$K291="Aprovado",Database!C291,"") | H291: =IF(Candidatos!$K291="Aprovado",Candidatos!H291,"") | I291: =IF(Candidatos!$K291="Aprovado",Candidatos!I291,"") | J291: =IF(Candidatos!$K291="Aprovado",Candidatos!J291,"") | K291: =IF(Candidatos!$K291="Aprovado",Candidatos!L291,"") | L291: =IF(Candidatos!$K291="Aprovado",Candidatos!M291,"")
A292: =IF(Candidatos!$K292="Aprovado",Candidatos!A292,"") | B292: =IF(Candidatos!$K292="Aprovado",Candidatos!B292,"") | C292: =IF(Candidatos!$K292="Aprovado",Candidatos!C292,"") | D292: =IF(Candidatos!$K292="Aprovado",Candidatos!D292,"") | E292: =IF(Candidatos!$K292="Aprovado",Candidatos!E292,"") | F292: =IF(Candidatos!$K292="Aprovado",Candidatos!F292,"") | G292: =IF(Candidatos!$K292="Aprovado",Database!C292,"") | H292: =IF(Candidatos!$K292="Aprovado",Candidatos!H292,"") | I292: =IF(Candidatos!$K292="Aprovado",Candidatos!I292,"") | J292: =IF(Candidatos!$K292="Aprovado",Candidatos!J292,"") | K292: =IF(Candidatos!$K292="Aprovado",Candidatos!L292,"") | L292: =IF(Candidatos!$K292="Aprovado",Candidatos!M292,"")
A293: =IF(Candidatos!$K293="Aprovado",Candidatos!A293,"") | B293: =IF(Candidatos!$K293="Aprovado",Candidatos!B293,"") | C293: =IF(Candidatos!$K293="Aprovado",Candidatos!C293,"") | D293: =IF(Candidatos!$K293="Aprovado",Candidatos!D293,"") | E293: =IF(Candidatos!$K293="Aprovado",Candidatos!E293,"") | F293: =IF(Candidatos!$K293="Aprovado",Candidatos!F293,"") | G293: =IF(Candidatos!$K293="Aprovado",Database!C293,"") | H293: =IF(Candidatos!$K293="Aprovado",Candidatos!H293,"") | I293: =IF(Candidatos!$K293="Aprovado",Candidatos!I293,"") | J293: =IF(Candidatos!$K293="Aprovado",Candidatos!J293,"") | K293: =IF(Candidatos!$K293="Aprovado",Candidatos!L293,"") | L293: =IF(Candidatos!$K293="Aprovado",Candidatos!M293,"")
A294: =IF(Candidatos!$K294="Aprovado",Candidatos!A294,"") | B294: =IF(Candidatos!$K294="Aprovado",Candidatos!B294,"") | C294: =IF(Candidatos!$K294="Aprovado",Candidatos!C294,"") | D294: =IF(Candidatos!$K294="Aprovado",Candidatos!D294,"") | E294: =IF(Candidatos!$K294="Aprovado",Candidatos!E294,"") | F294: =IF(Candidatos!$K294="Aprovado",Candidatos!F294,"") | G294: =IF(Candidatos!$K294="Aprovado",Database!C294,"") | H294: =IF(Candidatos!$K294="Aprovado",Candidatos!H294,"") | I294: =IF(Candidatos!$K294="Aprovado",Candidatos!I294,"") | J294: =IF(Candidatos!$K294="Aprovado",Candidatos!J294,"") | K294: =IF(Candidatos!$K294="Aprovado",Candidatos!L294,"") | L294: =IF(Candidatos!$K294="Aprovado",Candidatos!M294,"")
A295: =IF(Candidatos!$K295="Aprovado",Candidatos!A295,"") | B295: =IF(Candidatos!$K295="Aprovado",Candidatos!B295,"") | C295: =IF(Candidatos!$K295="Aprovado",Candidatos!C295,"") | D295: =IF(Candidatos!$K295="Aprovado",Candidatos!D295,"") | E295: =IF(Candidatos!$K295="Aprovado",Candidatos!E295,"") | F295: =IF(Candidatos!$K295="Aprovado",Candidatos!F295,"") | G295: =IF(Candidatos!$K295="Aprovado",Database!C295,"") | H295: =IF(Candidatos!$K295="Aprovado",Candidatos!H295,"") | I295: =IF(Candidatos!$K295="Aprovado",Candidatos!I295,"") | J295: =IF(Candidatos!$K295="Aprovado",Candidatos!J295,"") | K295: =IF(Candidatos!$K295="Aprovado",Candidatos!L295,"") | L295: =IF(Candidatos!$K295="Aprovado",Candidatos!M295,"")
... A360: =IF(Candidatos!$K360="Aprovado",Candidatos!A360,"") | B360: =IF(Candidatos!$K360="Aprovado",Candidatos!B360,"") | C360: =IF(Candidatos!$K360="Aprovado",Candidatos!C360,"") | D360: =IF(Candidatos!$K360="Aprovado",Candidatos!D360,"") | E360: =IF(Candidatos!$K360="Aprovado",Candidatos!E360,"") | F360: =IF(Candidatos!$K360="Aprovado",Candidatos!F360,"") | G360: =IF(Candidatos!$K360="Aprovado",Database!C360,"") | H360: =IF(Candidatos!$K360="Aprovado",Candidatos!H360,"") | I360: =IF(Candidatos!$K360="Aprovado",Candidatos!I360,"") | J360: =IF(Candidatos!$K360="Aprovado",Candidatos!J360,"") | K360: =IF(Candidatos!$K360="Aprovado",Candidatos!L360,"") | L360: =IF(Candidatos!$K360="Aprovado",Candidatos!M360,"")
A361: =IF(Candidatos!$K361="Aprovado",Candidatos!A361,"") | B361: =IF(Candidatos!$K361="Aprovado",Candidatos!B361,"") | C361: =IF(Candidatos!$K361="Aprovado",Candidatos!C361,"") | D361: =IF(Candidatos!$K361="Aprovado",Candidatos!D361,"") | E361: =IF(Candidatos!$K361="Aprovado",Candidatos!E361,"") | F361: =IF(Candidatos!$K361="Aprovado",Candidatos!F361,"") | G361: =IF(Candidatos!$K361="Aprovado",Database!C361,"") | H361: =IF(Candidatos!$K361="Aprovado",Candidatos!H361,"") | I361: =IF(Candidatos!$K361="Aprovado",#REF!,"") | J361: =IF(Candidatos!$K361="Aprovado",Candidatos!J361,"") | K361: =IF(Candidatos!$K361="Aprovado",Candidatos!L361,"") | L361: =IF(Candidatos!$K361="Aprovado",Candidatos!M361,"")
A362: =IF(Candidatos!$K362="Aprovado",Candidatos!A362,"") | B362: =IF(Candidatos!$K362="Aprovado",Candidatos!B362,"") | C362: =IF(Candidatos!$K362="Aprovado",Candidatos!C362,"") | D362: =IF(Candidatos!$K362="Aprovado",Candidatos!D362,"") | E362: =IF(Candidatos!$K362="Aprovado",Candidatos!E362,"") | F362: =IF(Candidatos!$K362="Aprovado",Candidatos!F362,"") | G362: =IF(Candidatos!$K362="Aprovado",Database!C362,"") | H362: =IF(Candidatos!$K362="Aprovado",Candidatos!H362,"") | I362: =IF(Candidatos!$K362="Aprovado",Candidatos!I361,"") | J362: =IF(Candidatos!$K362="Aprovado",Candidatos!J362,"") | K362: =IF(Candidatos!$K362="Aprovado",Candidatos!L362,"") | L362: =IF(Candidatos!$K362="Aprovado",Candidatos!M362,"")
A363: =IF(Candidatos!$K363="Aprovado",Candidatos!A363,"") | B363: =IF(Candidatos!$K363="Aprovado",Candidatos!B363,"") | C363: =IF(Candidatos!$K363="Aprovado",Candidatos!C363,"") | D363: =IF(Candidatos!$K363="Aprovado",Candidatos!D363,"") | E363: =IF(Candidatos!$K363="Aprovado",Candidatos!E363,"") | F363: =IF(Candidatos!$K363="Aprovado",Candidatos!F363,"") | G363: =IF(Candidatos!$K363="Aprovado",Database!C363,"") | H363: =IF(Candidatos!$K363="Aprovado",Candidatos!H363,"") | I363: =IF(Candidatos!$K363="Aprovado",Candidatos!I363,"") | J363: =IF(Candidatos!$K363="Aprovado",Candidatos!J363,"") | K363: =IF(Candidatos!$K363="Aprovado",Candidatos!L363,"") | L363: =IF(Candidatos!$K363="Aprovado",Candidatos!M363,"")
A364: =IF(Candidatos!$K364="Aprovado",Candidatos!A364,"") | B364: =IF(Candidatos!$K364="Aprovado",Candidatos!B364,"") | C364: =IF(Candidatos!$K364="Aprovado",Candidatos!C364,"") | D364: =IF(Candidatos!$K364="Aprovado",Candidatos!D364,"") | E364: =IF(Candidatos!$K364="Aprovado",Candidatos!E364,"") | F364: =IF(Candidatos!$K364="Aprovado",Candidatos!F364,"") | G364: =IF(Candidatos!$K364="Aprovado",Database!C364,"") | H364: =IF(Candidatos!$K364="Aprovado",Candidatos!H364,"") | I364: =IF(Candidatos!$K364="Aprovado",Candidatos!I364,"") | J364: =IF(Candidatos!$K364="Aprovado",Candidatos!J364,"") | K364: =IF(Candidatos!$K364="Aprovado",Candidatos!L364,"") | L364: =IF(Candidatos!$K364="Aprovado",Candidatos!M364,"")
A365: =IF(Candidatos!$K365="Aprovado",Candidatos!A365,"") | B365: =IF(Candidatos!$K365="Aprovado",Candidatos!B365,"") | C365: =IF(Candidatos!$K365="Aprovado",Candidatos!C365,"") | D365: =IF(Candidatos!$K365="Aprovado",Candidatos!D365,"") | E365: =IF(Candidatos!$K365="Aprovado",Candidatos!E365,"") | F365: =IF(Candidatos!$K365="Aprovado",Candidatos!F365,"") | G365: =IF(Candidatos!$K365="Aprovado",Database!C365,"") | H365: =IF(Candidatos!$K365="Aprovado",Candidatos!H365,"") | I365: =IF(Candidatos!$K365="Aprovado",Candidatos!I365,"") | J365: =IF(Candidatos!$K365="Aprovado",Candidatos!J365,"") | K365: =IF(Candidatos!$K365="Aprovado",Candidatos!L365,"") | L365: =IF(Candidatos!$K365="Aprovado",Candidatos!M365,"")
A366: =IF(Candidatos!$K366="Aprovado",Candidatos!A366,"") | B366: =IF(Candidatos!$K366="Aprovado",Candidatos!B366,"") | C366: =IF(Candidatos!$K366="Aprovado",Candidatos!C366,"") | D366: =IF(Candidatos!$K366="Aprovado",Candidatos!D366,"") | E366: =IF(Candidatos!$K366="Aprovado",Candidatos!E366,"") | F366: =IF(Candidatos!$K366="Aprovado",Candidatos!F366,"") | G366: =IF(Candidatos!$K366="Aprovado",Database!C366,"") | H366: =IF(Candidatos!$K366="Aprovado",Candidatos!H366,"") | I366: =IF(Candidatos!$K366="Aprovado",Candidatos!I366,"") | J366: =IF(Candidatos!$K366="Aprovado",Candidatos!J366,"") | K366: =IF(Candidatos!$K366="Aprovado",Candidatos!L366,"") | L366: =IF(Candidatos!$K366="Aprovado",Candidatos!M366,"")
A367: =IF(Candidatos!$K367="Aprovado",Candidatos!A367,"") | B367: =IF(Candidatos!$K367="Aprovado",Candidatos!B367,"") | C367: =IF(Candidatos!$K367="Aprovado",Candidatos!C367,"") | D367: =IF(Candidatos!$K367="Aprovado",Candidatos!D367,"") | E367: =IF(Candidatos!$K367="Aprovado",Candidatos!E367,"") | F367: =IF(Candidatos!$K367="Aprovado",Candidatos!F367,"") | G367: =IF(Candidatos!$K367="Aprovado",Database!C367,"") | H367: =IF(Candidatos!$K367="Aprovado",Candidatos!H367,"") | I367: =IF(Candidatos!$K367="Aprovado",Candidatos!I367,"") | J367: =IF(Candidatos!$K367="Aprovado",Candidatos!J367,"") | K367: =IF(Candidatos!$K367="Aprovado",Candidatos!L367,"") | L367: =IF(Candidatos!$K367="Aprovado",Candidatos!M367,"")
A368: =IF(Candidatos!$K368="Aprovado",Candidatos!A368,"") | B368: =IF(Candidatos!$K368="Aprovado",Candidatos!B368,"") | C368: =IF(Candidatos!$K368="Aprovado",Candidatos!C368,"") | D368: =IF(Candidatos!$K368="Aprovado",Candidatos!D368,"") | E368: =IF(Candidatos!$K368="Aprovado",Candidatos!E368,"") | F368: =IF(Candidatos!$K368="Aprovado",Candidatos!F368,"") | G368: =IF(Candidatos!$K368="Aprovado",Database!C368,"") | H368: =IF(Candidatos!$K368="Aprovado",Candidatos!H368,"") | I368: =IF(Candidatos!$K368="Aprovado",Candidatos!I368,"") | J368: =IF(Candidatos!$K368="Aprovado",Candidatos!J368,"") | K368: =IF(Candidatos!$K368="Aprovado",Candidatos!L368,"") | L368: =IF(Candidatos!$K368="Aprovado",Candidatos!M368,"")
A369: =IF(Candidatos!$K369="Aprovado",Candidatos!A369,"") | B369: =IF(Candidatos!$K369="Aprovado",Candidatos!B369,"") | C369: =IF(Candidatos!$K369="Aprovado",Candidatos!C369,"") | D369: =IF(Candidatos!$K369="Aprovado",Candidatos!D369,"") | E369: =IF(Candidatos!$K369="Aprovado",Candidatos!E369,"") | F369: =IF(Candidatos!$K369="Aprovado",Candidatos!F369,"") | G369: =IF(Candidatos!$K369="Aprovado",Database!C369,"") | H369: =IF(Candidatos!$K369="Aprovado",Candidatos!H369,"") | I369: =IF(Candidatos!$K369="Aprovado",Candidatos!I369,"") | J369: =IF(Candidatos!$K369="Aprovado",Candidatos!J369,"") | K369: =IF(Candidatos!$K369="Aprovado",Candidatos!L369,"") | L369: =IF(Candidatos!$K369="Aprovado",Candidatos!M369,"")
A370: =IF(Candidatos!$K370="Aprovado",Candidatos!A370,"") | B370: =IF(Candidatos!$K370="Aprovado",Candidatos!B370,"") | C370: =IF(Candidatos!$K370="Aprovado",Candidatos!C370,"") | D370: =IF(Candidatos!$K370="Aprovado",Candidatos!D370,"") | E370: =IF(Candidatos!$K370="Aprovado",Candidatos!E370,"") | F370: =IF(Candidatos!$K370="Aprovado",Candidatos!F370,"") | G370: =IF(Candidatos!$K370="Aprovado",Database!C370,"") | H370: =IF(Candidatos!$K370="Aprovado",Candidatos!H370,"") | I370: =IF(Candidatos!$K370="Aprovado",Candidatos!I370,"") | J370: =IF(Candidatos!$K370="Aprovado",Candidatos!J370,"") | K370: =IF(Candidatos!$K370="Aprovado",Candidatos!L370,"") | L370: =IF(Candidatos!$K370="Aprovado",Candidatos!M370,"")
A371: =IF(Candidatos!$K371="Aprovado",Candidatos!A371,"") | B371: =IF(Candidatos!$K371="Aprovado",Candidatos!B371,"") | C371: =IF(Candidatos!$K371="Aprovado",Candidatos!C371,"") | D371: =IF(Candidatos!$K371="Aprovado",Candidatos!D371,"") | E371: =IF(Candidatos!$K371="Aprovado",Candidatos!E371,"") | F371: =IF(Candidatos!$K371="Aprovado",Candidatos!F371,"") | G371: =IF(Candidatos!$K371="Aprovado",Database!C371,"") | H371: =IF(Candidatos!$K371="Aprovado",Candidatos!H371,"") | I371: =IF(Candidatos!$K371="Aprovado",Candidatos!I371,"") | J371: =IF(Candidatos!$K371="Aprovado",Candidatos!J371,"") | K371: =IF(Candidatos!$K371="Aprovado",Candidatos!L371,"") | L371: =IF(Candidatos!$K371="Aprovado",Candidatos!M371,"")
A372: =IF(Candidatos!$K372="Aprovado",Candidatos!A372,"") | B372: =IF(Candidatos!$K372="Aprovado",Candidatos!B372,"") | C372: =IF(Candidatos!$K372="Aprovado",Candidatos!C372,"") | D372: =IF(Candidatos!$K372="Aprovado",Candidatos!D372,"") | E372: =IF(Candidatos!$K372="Aprovado",Candidatos!E372,"") | F372: =IF(Candidatos!$K372="Aprovado",Candidatos!F372,"") | G372: =IF(Candidatos!$K372="Aprovado",Database!C372,"") | H372: =IF(Candidatos!$K372="Aprovado",Candidatos!H372,"") | I372: =IF(Candidatos!$K372="Aprovado",Candidatos!I372,"") | J372: =IF(Candidatos!$K372="Aprovado",Candidatos!J372,"") | K372: =IF(Candidatos!$K372="Aprovado",Candidatos!L372,"") | L372: =IF(Candidatos!$K372="Aprovado",Candidatos!M372,"")
A373: =IF(Candidatos!$K373="Aprovado",Candidatos!A373,"") | B373: =IF(Candidatos!$K373="Aprovado",Candidatos!B373,"") | C373: =IF(Candidatos!$K373="Aprovado",Candidatos!C373,"") | D373: =IF(Candidatos!$K373="Aprovado",Candidatos!D373,"") | E373: =IF(Candidatos!$K373="Aprovado",Candidatos!E373,"") | F373: =IF(Candidatos!$K373="Aprovado",Candidatos!F373,"") | G373: =IF(Candidatos!$K373="Aprovado",Database!C373,"") | H373: =IF(Candidatos!$K373="Aprovado",Candidatos!H373,"") | I373: =IF(Candidatos!$K373="Aprovado",Candidatos!I373,"") | J373: =IF(Candidatos!$K373="Aprovado",Candidatos!J373,"") | K373: =IF(Candidatos!$K373="Aprovado",Candidatos!L373,"") | L373: =IF(Candidatos!$K373="Aprovado",Candidatos!M373,"")
A374: =IF(Candidatos!$K374="Aprovado",Candidatos!A374,"") | B374: =IF(Candidatos!$K374="Aprovado",Candidatos!B374,"") | C374: =IF(Candidatos!$K374="Aprovado",Candidatos!C374,"") | D374: =IF(Candidatos!$K374="Aprovado",Candidatos!D374,"") | E374: =IF(Candidatos!$K374="Aprovado",Candidatos!E374,"") | F374: =IF(Candidatos!$K374="Aprovado",Candidatos!F374,"") | G374: =IF(Candidatos!$K374="Aprovado",Database!C374,"") | H374: =IF(Candidatos!$K374="Aprovado",Candidatos!H374,"") | I374: =IF(Candidatos!$K374="Aprovado",Candidatos!I374,"") | J374: =IF(Candidatos!$K374="Aprovado",Candidatos!J374,"") | K374: =IF(Candidatos!$K374="Aprovado",Candidatos!L374,"") | L374: =IF(Candidatos!$K374="Aprovado",Candidatos!M374,"")
... A699: =IF(Candidatos!$K699="Aprovado",Candidatos!A699,"") | B699: =IF(Candidatos!$K699="Aprovado",Candidatos!B699,"") | C699: =IF(Candidatos!$K699="Aprovado",Candidatos!C699,"") | D699: =IF(Candidatos!$K699="Aprovado",Candidatos!D699,"") | E699: =IF(Candidatos!$K699="Aprovado",Candidatos!E699,"") | F699: =IF(Candidatos!$K699="Aprovado",Candidatos!F699,"") | G699: =IF(Candidatos!$K699="Aprovado",Database!C699,"") | H699: =IF(Candidatos!$K699="Aprovado",Candidatos!H699,"") | I699: =IF(Candidatos!$K699="Aprovado",Candidatos!I699,"") | J699: =IF(Candidatos!$K699="Aprovado",Candidatos!J699,"") | K699: =IF(Candidatos!$K699="Aprovado",Candidatos!L699,"") | L699: =IF(Candidatos!$K699="Aprovado",Candidatos!M699,"")
A700: =IF(Candidatos!$K700="Aprovado",Candidatos!A700,"") | B700: =IF(Candidatos!$K700="Aprovado",Candidatos!B700,"") | C700: =IF(Candidatos!$K700="Aprovado",Candidatos!C700,"") | F700: =IF(Candidatos!$K700="Aprovado",Candidatos!F700,"") | H700: =IF(Candidatos!$K700="Aprovado",Candidatos!H700,"") | I700: =IF(Candidatos!$K700="Aprovado",Candidatos!I700,"") | L700: =IF(Candidatos!$K700="Aprovado",Candidatos!M700,"")
I701: =IF(Candidatos!$K701="Aprovado",Candidatos!I701,"") | L701: =IF(Candidatos!$K701="Aprovado",Candidatos!M701,"")
I702: =IF(Candidatos!$K702="Aprovado",Candidatos!I702,"") | L702: =IF(Candidatos!$K702="Aprovado",Candidatos!M702,"")
I703: =IF(Candidatos!$K703="Aprovado",Candidatos!I703,"") | L703: =IF(Candidatos!$K703="Aprovado",Candidatos!M703,"")
I704: =IF(Candidatos!$K704="Aprovado",Candidatos!I704,"") | L704: =IF(Candidatos!$K704="Aprovado",Candidatos!M704,"")
I705: =IF(Candidatos!$K705="Aprovado",Candidatos!I705,"") | L705: =IF(Candidatos!$K705="Aprovado",Candidatos!M705,"")
I706: =IF(Candidatos!$K706="Aprovado",Candidatos!I706,"") | L706: =IF(Candidatos!$K706="Aprovado",Candidatos!M706,"")
I707: =IF(Candidatos!$K707="Aprovado",Candidatos!I707,"") | L707: =IF(Candidatos!$K707="Aprovado",Candidatos!M707,"")
I708: =IF(Candidatos!$K708="Aprovado",Candidatos!I708,"") | L708: =IF(Candidatos!$K708="Aprovado",Candidatos!M708,"")
I709: =IF(Candidatos!$K709="Aprovado",Candidatos!I709,"") | L709: =IF(Candidatos!$K709="Aprovado",Candidatos!M709,"")
I710: =IF(Candidatos!$K710="Aprovado",Candidatos!I710,"") | L710: =IF(Candidatos!$K710="Aprovado",Candidatos!M710,"")
L711: =IF(Candidatos!$K711="Aprovado",Candidatos!M711,"")
L712: =IF(Candidatos!$K712="Aprovado",Candidatos!M712,"")
L713: =IF(Candidatos!$K713="Aprovado",Candidatos!M713,"")
L714: =IF(Candidatos!$K714="Aprovado",Candidatos!M714,"")
L715: =IF(Candidatos!$K715="Aprovado",Candidatos!M715,"")
L716: =IF(Candidatos!$K716="Aprovado",Candidatos!M716,"")
L717: =IF(Candidatos!$K717="Aprovado",Candidatos!M717,"")
L718: =IF(Candidatos!$K718="Aprovado",Candidatos!M718,"")
L719: =IF(Candidatos!$K719="Aprovado",Candidatos!M719,"")
L720: =IF(Candidatos!$K720="Aprovado",Candidatos!M720,"")
L721: =IF(Candidatos!$K721="Aprovado",Candidatos!M721,"")
L722: =IF(Candidatos!$K722="Aprovado",Candidatos!M722,"")
... L843: =IF(Candidatos!$K843="Aprovado",Candidatos!M843,"")

Sheet Em análise
A1: Nome do inscrito(a) | B1: Data de inscrição | C1: e-mail | D1: Contato | E1: Região | F1: Turma | G1: Idade | H1: Renda Familiar | I1: Equipe NAU | J1: Agendamento | K1: Motivo | L1: Comentarios
A2: =IF(Candidatos!$K2="Em analise",Candidatos!A2,"") | B2: =IF(Candidatos!$K2="Em analise",Candidatos!B2,"") | C2: =IF(Candidatos!$K2="Em analise",Candidatos!C2,"") | D2: =IF(Candidatos!$K2="Em analise",Candidatos!D2,"") | E2: =IF(Candidatos!$K2="Em analise",Candidatos!E2,"") | F2: =IF(Candidatos!$K2="Em analise",Candidatos!F2,"") | G2: =IF(Candidatos!$K2="Em analise",Candidatos!G2,"") | H2: =IF(Candidatos!$K2="Em analise",Candidatos!H2,"") | ... K2: =IF(Candidatos!$K2="Em analise",Candidatos!K2,"") | L2: =IF(Candidatos!$K2="Em analise",Candidatos!M2,"")
A3: =IF(Candidatos!$K3="Em analise",Candidatos!A3,"") | B3: =IF(Candidatos!$K3="Em analise",Candidatos!B3,"") | C3: =IF(Candidatos!$K3="Em analise",Candidatos!C3,"") | D3: =IF(Candidatos!$K3="Em analise",Candidatos!D3,"") | E3: =IF(Candidatos!$K3="Em analise",Candidatos!E3,"") | F3: =IF(Candidatos!$K3="Em analise",Candidatos!F3,"") | G3: =IF(Candidatos!$K3="Em analise",Candidatos!G3,"") | H3: =IF(Candidatos!$K3="Em analise",Candidatos!H3,"") | ... K3: =IF(Candidatos!$K3="Em analise",Candidatos!K3,"") | L3: =IF(Candidatos!$K3="Em analise",Candidatos!M3,"")
A4: =IF(Candidatos!$K4="Em analise",Candidatos!A4,"") | B4: =IF(Candidatos!$K4="Em analise",Candidatos!B4,"") | C4: =IF(Candidatos!$K4="Em analise",Candidatos!C4,"") | D4: =IF(Candidatos!$K4="Em analise",Candidatos!D4,"") | E4: =IF(Candidatos!$K4="Em analise",Candidatos!E4,"") | F4: =IF(Candidatos!$K4="Em analise",Candidatos!F4,"") | G4: =IF(Candidatos!$K4="Em analise",Candidatos!G4,"") | H4: =IF(Candidatos!$K4="Em analise",Candidatos!H4,"") | ... K4: =IF(Candidatos!$K4="Em analise",Candidatos!K4,"") | L4: =IF(Candidatos!$K4="Em analise",Candidatos!M4,"")
A5: =IF(Candidatos!$K5="Em analise",Candidatos!A5,"") | B5: =IF(Candidatos!$K5="Em analise",Candidatos!B5,"") | C5: =IF(Candidatos!$K5="Em analise",Candidatos!C5,"") | D5: =IF(Candidatos!$K5="Em analise",Candidatos!D5,"") | E5: =IF(Candidatos!$K5="Em analise",Candidatos!E5,"") | F5: =IF(Candidatos!$K5="Em analise",Candidatos!F5,"") | G5: =IF(Candidatos!$K5="Em analise",Candidatos!G5,"") | H5: =IF(Candidatos!$K5="Em analise",Candidatos!H5,"") | ... K5: =IF(Candidatos!$K5="Em analise",Candidatos!K5,"") | L5: =IF(Candidatos!$K5="Em analise",Candidatos!M5,"")
A6: =IF(Candidatos!$K6="Em analise",Candidatos!A6,"") | B6: =IF(Candidatos!$K6="Em analise",Candidatos!B6,"") | C6: =IF(Candidatos!$K6="Em analise",Candidatos!C6,"") | D6: =IF(Candidatos!$K6="Em analise",Candidatos!D6,"") | E6: =IF(Candidatos!$K6="Em analise",Candidatos!E6,"") | F6: =IF(Candidatos!$K6="Em analise",Candidatos!F6,"") | G6: =IF(Candidatos!$K6="Em analise",Candidatos!G6,"") | H6: =IF(Candidatos!$K6="Em analise",Candidatos!H6,"") | ... K6: =IF(Candidatos!$K6="Em analise",Candidatos!K6,"") | L6: =IF(Candidatos!$K6="Em analise",Candidatos!M6,"")
A7: =IF(Candidatos!$K7="Em analise",Candidatos!A7,"") | B7: =IF(Candidatos!$K7="Em analise",Candidatos!B7,"") | C7: =IF(Candidatos!$K7="Em analise",Candidatos!C7,"") | D7: =IF(Candidatos!$K7="Em analise",Candidatos!D7,"") | E7: =IF(Candidatos!$K7="Em analise",Candidatos!E7,"") | F7: =IF(Candidatos!$K7="Em analise",Candidatos!F7,"") | G7: =IF(Candidatos!$K7="Em analise",Candidatos!G7,"") | H7: =IF(Candidatos!$K7="Em analise",Candidatos!H7,"") | ... K7: =IF(Candidatos!$K7="Em analise",Candidatos!K7,"") | L7: =IF(Candidatos!$K7="Em analise",Candidatos!M7,"")
A8: =IF(Candidatos!$K8="Em analise",Candidatos!A8,"") | B8: =IF(Candidatos!$K8="Em analise",Candidatos!B8,"") | C8: =IF(Candidatos!$K8="Em analise",Candidatos!C8,"") | D8: =IF(Candidatos!$K8="Em analise",Candidatos!D8,"") | E8: =IF(Candidatos!$K8="Em analise",Candidatos!E8,"") | F8: =IF(Candidatos!$K8="Em analise",Candidatos!F8,"") | G8: =IF(Candidatos!$K8="Em analise",Candidatos!G8,"") | H8: =IF(Candidatos!$K8="Em analise",Candidatos!H8,"") | ... K8: =IF(Candidatos!$K8="Em analise",Candidatos!K8,"") | L8: =IF(Candidatos!$K8="Em analise",Candidatos!M8,"")
A9: =IF(Candidatos!$K9="Em analise",Candidatos!A9,"") | B9: =IF(Candidatos!$K9="Em analise",Candidatos!B9,"") | C9: =IF(Candidatos!$K9="Em analise",Candidatos!C9,"") | D9: =IF(Candidatos!$K9="Em analise",Candidatos!D9,"") | E9: =IF(Candidatos!$K9="Em analise",Candidatos!E9,"") | F9: =IF(Candidatos!$K9="Em analise",Candidatos!F9,"") | G9: =IF(Candidatos!$K9="Em analise",Candidatos!G9,"") | H9: =IF(Candidatos!$K9="Em analise",Candidatos!H9,"") | ... K9: =IF(Candidatos!$K9="Em analise",Candidatos!K9,"") | L9: =IF(Candidatos!$K9="Em analise",Candidatos!M9,"")
A10: =IF(Candidatos!$K10="Em analise",Candidatos!A10,"") | B10: =IF(Candidatos!$K10="Em analise",Candidatos!B10,"") | C10: =IF(Candidatos!$K10="Em analise",Candidatos!C10,"") | D10: =IF(Candidatos!$K10="Em analise",Candidatos!D10,"") | E10: =IF(Candidatos!$K10="Em analise",Candidatos!E10,"") | F10: =IF(Candidatos!$K10="Em analise",Candidatos!F10,"") | G10: =IF(Candidatos!$K10="Em analise",Candidatos!G10,"") | H10: =IF(Candidatos!$K10="Em analise",Candidatos!H10,"") | ... K10: =IF(Candidatos!$K10="Em analise",Candidatos!K10,"") | L10: =IF(Candidatos!$K10="Em analise",Candidatos!M10,"")
A11: =IF(Candidatos!$K11="Em analise",Candidatos!A11,"") | B11: =IF(Candidatos!$K11="Em analise",Candidatos!B11,"") | C11: =IF(Candidatos!$K11="Em analise",Candidatos!C11,"") | D11: =IF(Candidatos!$K11="Em analise",Candidatos!D11,"") | E11: =IF(Candidatos!$K11="Em analise",Candidatos!E11,"") | F11: =IF(Candidatos!$K11="Em analise",Candidatos!F11,"") | G11: =IF(Candidatos!$K11="Em analise",Candidatos!G11,"") | H11: =IF(Candidatos!$K11="Em analise",Candidatos!H11,"") | ... K11: =IF(Candidatos!$K11="Em analise",Candidatos!K11,"") | L11: =IF(Candidatos!$K11="Em analise",Candidatos!M11,"")
A12: =IF(Candidatos!$K12="Em analise",Candidatos!A12,"") | B12: =IF(Candidatos!$K12="Em analise",Candidatos!B12,"") | C12: =IF(Candidatos!$K12="Em analise",Candidatos!C12,"") | D12: =IF(Candidatos!$K12="Em analise",Candidatos!D12,"") | E12: =IF(Candidatos!$K12="Em analise",Candidatos!E12,"") | F12: =IF(Candidatos!$K12="Em analise",Candidatos!F12,"") | G12: =IF(Candidatos!$K12="Em analise",Candidatos!G12,"") | H12: =IF(Candidatos!$K12="Em analise",Candidatos!H12,"") | ... K12: =IF(Candidatos!$K12="Em analise",Candidatos!K12,"") | L12: =IF(Candidatos!$K12="Em analise",Candidatos!M12,"")
A13: =IF(Candidatos!$K13="Em analise",Candidatos!A13,"") | B13: =IF(Candidatos!$K13="Em analise",Candidatos!B13,"") | C13: =IF(Candidatos!$K13="Em analise",Candidatos!C13,"") | D13: =IF(Candidatos!$K13="Em analise",Candidatos!D13,"") | E13: =IF(Candidatos!$K13="Em analise",Candidatos!E13,"") | F13: =IF(Candidatos!$K13="Em analise",Candidatos!F13,"") | G13: =IF(Candidatos!$K13="Em analise",Candidatos!G13,"") | H13: =IF(Candidatos!$K13="Em analise",Candidatos!H13,"") | ... K13: =IF(Candidatos!$K13="Em analise",Candidatos!K13,"") | L13: =IF(Candidatos!$K13="Em analise",Candidatos!M13,"")
... A281: =IF(Candidatos!$K281="Em analise",Candidatos!A281,"") | B281: =IF(Candidatos!$K281="Em analise",Candidatos!B281,"") | C281: =IF(Candidatos!$K281="Em analise",Candidatos!C281,"") | D281: =IF(Candidatos!$K281="Em analise",Candidatos!D281,"") | E281: =IF(Candidatos!$K281="Em analise",Candidatos!E281,"") | F281: =IF(Candidatos!$K281="Em analise",Candidatos!F281,"") | G281: =IF(Candidatos!$K281="Em analise",Candidatos!G281,"") | H281: =IF(Candidatos!$K281="Em analise",Candidatos!H281,"") | ... K281: =IF(Candidatos!$K281="Em analise",Candidatos!K281,"") | L281: =IF(Candidatos!$K281="Em analise",Candidatos!M281,"")
A282: =IF(Candidatos!$K282="Em analise",Candidatos!A282,"") | B282: =IF(Candidatos!$K282="Em analise",Candidatos!B282,"") | C282: =IF(Candidatos!$K282="Em analise",Candidatos!C282,"") | D282: =IF(Candidatos!$K282="Em analise",Candidatos!D282,"") | E282: =IF(Candidatos!$K282="Em analise",Candidatos!E282,"") | F282: =IF(Candidatos!$K282="Em analise",Candidatos!F282,"") | G282: =IF(Candidatos!$K282="Em analise",Candidatos!G282,"") | H282: =IF(Candidatos!$K282="Em analise",Candidatos!H282,"") | I282: =IF(Candidatos!$K282="Em analise",Candidatos!I283,"") | J282: =IF(Candidatos!$K282="Em analise",Candidatos!J282,"") | K282: =IF(Candidatos!$K282="Em analise",Candidatos!K282,"") | L282: =IF(Candidatos!$K282="Em analise",Candidatos!M282,"")
A283: =IF(Candidatos!$K283="Em analise",Candidatos!A283,"") | B283: =IF(Candidatos!$K283="Em analise",Candidatos!B283,"") | C283: =IF(Candidatos!$K283="Em analise",Candidatos!C283,"") | D283: =IF(Candidatos!$K283="Em analise",Candidatos!D283,"") | E283: =IF(Candidatos!$K283="Em analise",Candidatos!E283,"") | F283: =IF(Candidatos!$K283="Em analise",Candidatos!F283,"") | G283: =IF(Candidatos!$K283="Em analise",Candidatos!G283,"") | H283: =IF(Candidatos!$K283="Em analise",Candidatos!H283,"") | I283: =IF(Candidatos!$K283="Em analise",#REF!,"") | J283: =IF(Candidatos!$K283="Em analise",Candidatos!J283,"") | K283: =IF(Candidatos!$K283="Em analise",Candidatos!K283,"") | L283: =IF(Candidatos!$K283="Em analise",Candidatos!M283,"")
A284: =IF(Candidatos!$K284="Em analise",Candidatos!A284,"") | B284: =IF(Candidatos!$K284="Em analise",Candidatos!B284,"") | C284: =IF(Candidatos!$K284="Em analise",Candidatos!C284,"") | D284: =IF(Candidatos!$K284="Em analise",Candidatos!D284,"") | E284: =IF(Candidatos!$K284="Em analise",Candidatos!E284,"") | F284: =IF(Candidatos!$K284="Em analise",Candidatos!F284,"") | G284: =IF(Candidatos!$K284="Em analise",Candidatos!G284,"") | H284: =IF(Candidatos!$K284="Em analise",Candidatos!H284,"") | ... K284: =IF(Candidatos!$K284="Em analise",Candidatos!K284,"") | L284: =IF(Candidatos!$K284="Em analise",Candidatos!M284,"")
A285: =IF(Candidatos!$K285="Em analise",Candidatos!A285,"") | B285: =IF(Candidatos!$K285="Em analise",Candidatos!B285,"") | C285: =IF(Candidatos!$K285="Em analise",Candidatos!C285,"") | D285: =IF(Candidatos!$K285="Em analise",Candidatos!D285,"") | E285: =IF(Candidatos!$K285="Em analise",Candidatos!E285,"") | F285: =IF(Candidatos!$K285="Em analise",Candidatos!F285,"") | G285: =IF(Candidatos!$K285="Em analise",Candidatos!G285,"") | H285: =IF(Candidatos!$K285="Em analise",Candidatos!H285,"") | ... K285: =IF(Candidatos!$K285="Em analise",Candidatos!K285,"") | L285: =IF(Candidatos!$K285="Em analise",Candidatos!M285,"")
A286: =IF(Candidatos!$K286="Em analise",Candidatos!A286,"") | B286: =IF(Candidatos!$K286="Em analise",Candidatos!B286,"") | C286: =IF(Candidatos!$K286="Em analise",Candidatos!C286,"") | D286: =IF(Candidatos!$K286="Em analise",Candidatos!D286,"") | E286: =IF(Candidatos!$K286="Em analise",Candidatos!E286,"") | F286: =IF(Candidatos!$K286="Em analise",Candidatos!F286,"") | G286: =IF(Candidatos!$K286="Em analise",Candidatos!G286,"") | H286: =IF(Candidatos!$K286="Em analise",Candidatos!H286,"") | ... K286: =IF(Candidatos!$K286="Em analise",Candidatos!K286,"") | L286: =IF(Candidatos!$K286="Em analise",Candidatos!M286,"")
A287: =IF(Candidatos!$K287="Em analise",Candidatos!A287,"") | B287: =IF(Candidatos!$K287="Em analise",Candidatos!B287,"") | C287: =IF(Candidatos!$K287="Em analise",Candidatos!C287,"") | D287: =IF(Candidatos!$K287="Em analise",Candidatos!D287,"") | E287: =IF(Candidatos!$K287="Em analise",Candidatos!E287,"") | F287: =IF(Candidatos!$K287="Em analise",Candidatos!F287,"") | G287: =IF(Candidatos!$K287="Em analise",Candidatos!G287,"") | H287: =IF(Candidatos!$K287="Em analise",Candidatos!H287,"") | ... K287: =IF(Candidatos!$K287="Em analise",Candidatos!K287,"") | L287: =IF(Candidatos!$K287="Em analise",Candidatos!M287,"")
A288: =IF(Candidatos!$K288="Em analise",Candidatos!A288,"") | B288: =IF(Candidatos!$K288="Em analise",Candidatos!B288,"") | C288: =IF(Candidatos!$K288="Em analise",Candidatos!C288,"") | D288: =IF(Candidatos!$K288="Em analise",Candidatos!D288,"") | E288: =IF(Candidatos!$K288="Em analise",Candidatos!E288,"") | F288: =IF(Candidatos!$K288="Em analise",Candidatos!F288,"") | G288: =IF(Candidatos!$K288="Em analise",Candidatos!G288,"") | H288: =IF(Candidatos!$K288="Em analise",Candidatos!H288,"") | ... K288: =IF(Candidatos!$K288="Em analise",Candidatos!K288,"") | L288: =IF(Candidatos!$K288="Em analise",Candidatos!M288,"")
A289: =IF(Candidatos!$K289="Em analise",Candidatos!A289,"") | B289: =IF(Candidatos!$K289="Em analise",Candidatos!B289,"") | C289: =IF(Candidatos!$K289="Em analise",Candidatos!C289,"") | D289: =IF(Candidatos!$K289="Em analise",Candidatos!D289,"") | E289: =IF(Candidatos!$K289="Em analise",Candidatos!E289,"") | F289: =IF(Candidatos!$K289="Em analise",Candidatos!F289,"") | G289: =IF(Candidatos!$K289="Em analise",Candidatos!G289,"") | H289: =IF(Candidatos!$K289="Em analise",Candidatos!H289,"") | ... K289: =IF(Candidatos!$K289="Em analise",Candidatos!K289,"") | L289: =IF(Candidatos!$K289="Em analise",Candidatos!M289,"")
A290: =IF(Candidatos!$K290="Em analise",Candidatos!A290,"") | B290: =IF(Candidatos!$K290="Em analise",Candidatos!B290,"") | C290: =IF(Candidatos!$K290="Em analise",Candidatos!C290,"") | D290: =IF(Candidatos!$K290="Em analise",Candidatos!D290,"") | E290: =IF(Candidatos!$K290="Em analise",Candidatos!E290,"") | F290: =IF(Candidatos!$K290="Em analise",Candidatos!F290,"") | G290: =IF(Candidatos!$K290="Em analise",Candidatos!G290,"") | H290: =IF(Candidatos!$K290="Em analise",Candidatos!H290,"") | ... K290: =IF(Candidatos!$K290="Em analise",Candidatos!K290,"") | L290: =IF(Candidatos!$K290="Em analise",Candidatos!M290,"")
A291: =IF(Candidatos!$K291="Em analise",Candidatos!A291,"") | B291: =IF(Candidatos!$K291="Em analise",Candidatos!B291,"") | C291: =IF(Candidatos!$K291="Em analise",Candidatos!C291,"") | D291: =IF(Candidatos!$K291="Em analise",Candidatos!D291,"") | E291: =IF(Candidatos!$K291="Em analise",Candidatos!E291,"") | F291: =IF(Candidatos!$K291="Em analise",Candidatos!F291,"") | G291: =IF(Candidatos!$K291="Em analise",Candidatos!G291,"") | H291: =IF(Candidatos!$K291="Em analise",Candidatos!H291,"") | ... K291: =IF(Candidatos!$K291="Em analise",Candidatos!K291,"") | L291: =IF(Candidatos!$K291="Em analise",Candidatos!M291,"")
A292: =IF(Candidatos!$K292="Em analise",Candidatos!A292,"") | B292: =IF(Candidatos!$K292="Em analise",Candidatos!B292,"") | C292: =IF(Candidatos!$K292="Em analise",Candidatos!C292,"") | D292: =IF(Candidatos!$K292="Em analise",Candidatos!D292,"") | E292: =IF(Candidatos!$K292="Em analise",Candidatos!E292,"") | F292: =IF(Candidatos!$K292="Em analise",Candidatos!F292,"") | G292: =IF(Candidatos!$K292="Em analise",Candidatos!G292,"") | H292: =IF(Candidatos!$K292="Em analise",Candidatos!H292,"") | ... K292: =IF(Candidatos!$K292="Em analise",Candidatos!K292,"") | L292: =IF(Candidatos!$K292="Em analise",Candidatos!M292,"")
A293: =IF(Candidatos!$K293="Em analise",Candidatos!A293,"") | B293: =IF(Candidatos!$K293="Em analise",Candidatos!B293,"") | C293: =IF(Candidatos!$K293="Em analise",Candidatos!C293,"") | D293: =IF(Candidatos!$K293="Em analise",Candidatos!D293,"") | E293: =IF(Candidatos!$K293="Em analise",Candidatos!E293,"") | F293: =IF(Candidatos!$K293="Em analise",Candidatos!F293,"") | G293: =IF(Candidatos!$K293="Em analise",Candidatos!G293,"") | H293: =IF(Candidatos!$K293="Em analise",Candidatos!H293,"") | ... K293: =IF(Candidatos!$K293="Em analise",Candidatos!K293,"") | L293: =IF(Candidatos!$K293="Em analise",Candidatos!M293,"")
A294: =IF(Candidatos!$K294="Em analise",Candidatos!A294,"") | B294: =IF(Candidatos!$K294="Em analise",Candidatos!B294,"") | C294: =IF(Candidatos!$K294="Em analise",Candidatos!C294,"") | D294: =IF(Candidatos!$K294="Em analise",Candidatos!D294,"") | E294: =IF(Candidatos!$K294="Em analise",Candidatos!E294,"") | F294: =IF(Candidatos!$K294="Em analise",Candidatos!F294,"") | G294: =IF(Candidatos!$K294="Em analise",Candidatos!G294,"") | H294: =IF(Candidatos!$K294="Em analise",Candidatos!H294,"") | ... K294: =IF(Candidatos!$K294="Em analise",Candidatos!K294,"") | L294: =IF(Candidatos!$K294="Em analise",Candidatos!M294,"")
A295: =IF(Candidatos!$K295="Em analise",Candidatos!A295,"") | B295: =IF(Candidatos!$K295="Em analise",Candidatos!B295,"") | C295: =IF(Candidatos!$K295="Em analise",Candidatos!C295,"") | D295: =IF(Candidatos!$K295="Em analise",Candidatos!D295,"") | E295: =IF(Candidatos!$K295="Em analise",Candidatos!E295,"") | F295: =IF(Candidatos!$K295="Em analise",Candidatos!F295,"") | G295: =IF(Candidatos!$K295="Em analise",Candidatos!G295,"") | H295: =IF(Candidatos!$K295="Em analise",Candidatos!H295,"") | ... K295: =IF(Candidatos!$K295="Em analise",Candidatos!K295,"") | L295: =IF(Candidatos!$K295="Em analise",Candidatos!M295,"")
... A360: =IF(Candidatos!$K360="Em analise",Candidatos!A360,"") | B360: =IF(Candidatos!$K360="Em analise",Candidatos!B360,"") | C360: =IF(Candidatos!$K360="Em analise",Candidatos!C360,"") | D360: =IF(Candidatos!$K360="Em analise",Candidatos!D360,"") | E360: =IF(Candidatos!$K360="Em analise",Candidatos!E360,"") | F360: =IF(Candidatos!$K360="Em analise",Candidatos!F360,"") | G360: =IF(Candidatos!$K360="Em analise",Candidatos!G360,"") | H360: =IF(Candidatos!$K360="Em analise",Candidatos!H360,"") | ... K360: =IF(Candidatos!$K360="Em analise",Candidatos!K360,"") | L360: =IF(Candidatos!$K360="Em analise",Candidatos!M360,"")
A361: =IF(Candidatos!$K361="Em analise",Candidatos!A361,"") | B361: =IF(Candidatos!$K361="Em analise",Candidatos!B361,"") | C361: =IF(Candidatos!$K361="Em analise",Candidatos!C361,"") | D361: =IF(Candidatos!$K361="Em analise",Candidatos!D361,"") | E361: =IF(Candidatos!$K361="Em analise",Candidatos!E361,"") | F361: =IF(Candidatos!$K361="Em analise",Candidatos!F361,"") | G361: =IF(Candidatos!$K361="Em analise",Candidatos!G361,"") | H361: =IF(Candidatos!$K361="Em analise",Candidatos!H361,"") | I361: =IF(Candidatos!$K361="Em analise",#REF!,"") | J361: =IF(Candidatos!$K361="Em analise",Candidatos!J361,"") | K361: =IF(Candidatos!$K361="Em analise",Candidatos!K361,"") | L361: =IF(Candidatos!$K361="Em analise",Candidatos!M361,"")
A362: =IF(Candidatos!$K362="Em analise",Candidatos!A362,"") | B362: =IF(Candidatos!$K362="Em analise",Candidatos!B362,"") | C362: =IF(Candidatos!$K362="Em analise",Candidatos!C362,"") | D362: =IF(Candidatos!$K362="Em analise",Candidatos!D362,"") | E362: =IF(Candidatos!$K362="Em analise",Candidatos!E362,"") | F362: =IF(Candidatos!$K362="Em analise",Candidatos!F362,"") | G362: =IF(Candidatos!$K362="Em analise",Candidatos!G362,"") | H362: =IF(Candidatos!$K362="Em analise",Candidatos!H362,"") | I362: =IF(Candidatos!$K362="Em analise",Candidatos!I361,"") | J362: =IF(Candidatos!$K362="Em analise",Candidatos!J362,"") | K362: =IF(Candidatos!$K362="Em analise",Candidatos!K362,"") | L362: =IF(Candidatos!$K362="Em analise",Candidatos!M362,"")
A363: =IF(Candidatos!$K363="Em analise",Candidatos!A363,"") | B363: =IF(Candidatos!$K363="Em analise",Candidatos!B363,"") | C363: =IF(Candidatos!$K363="Em analise",Candidatos!C363,"") | D363: =IF(Candidatos!$K363="Em analise",Candidatos!D363,"") | E363: =IF(Candidatos!$K363="Em analise",Candidatos!E363,"") | F363: =IF(Candidatos!$K363="Em analise",Candidatos!F363,"") | G363: =IF(Candidatos!$K363="Em analise",Candidatos!G363,"") | H363: =IF(Candidatos!$K363="Em analise",Candidatos!H363,"") | ... K363: =IF(Candidatos!$K363="Em analise",Candidatos!K363,"") | L363: =IF(Candidatos!$K363="Em analise",Candidatos!M363,"")
A364: =IF(Candidatos!$K364="Em analise",Candidatos!A364,"") | B364: =IF(Candidatos!$K364="Em analise",Candidatos!B364,"") | C364: =IF(Candidatos!$K364="Em analise",Candidatos!C364,"") | D364: =IF(Candidatos!$K364="Em analise",Candidatos!D364,"") | E364: =IF(Candidatos!$K364="Em analise",Candidatos!E364,"") | F364: =IF(Candidatos!$K364="Em analise",Candidatos!F364,"") | G364: =IF(Candidatos!$K364="Em analise",Candidatos!G364,"") | H364: =IF(Candidatos!$K364="Em analise",Candidatos!H364,"") | ... K364: =IF(Candidatos!$K364="Em analise",Candidatos!K364,"") | L364: =IF(Candidatos!$K364="Em analise",Candidatos!M364,"")
A365: =IF(Candidatos!$K365="Em analise",Candidatos!A365,"") | B365: =IF(Candidatos!$K365="Em analise",Candidatos!B365,"") | C365: =IF(Candidatos!$K365="Em analise",Candidatos!C365,"") | D365: =IF(Candidatos!$K365="Em analise",Candidatos!D365,"") | E365: =IF(Candidatos!$K365="Em analise",Candidatos!E365,"") | F365: =IF(Candidatos!$K365="Em analise",Candidatos!F365,"") | G365: =IF(Candidatos!$K365="Em analise",Candidatos!G365,"") | H365: =IF(Candidatos!$K365="Em analise",Candidatos!H365,"") | ... K365: =IF(Candidatos!$K365="Em analise",Candidatos!K365,"") | L365: =IF(Candidatos!$K365="Em analise",Candidatos!M365,"")
A366: =IF(Candidatos!$K366="Em analise",Candidatos!A366,"") | B366: =IF(Candidatos!$K366="Em analise",Candidatos!B366,"") | C366: =IF(Candidatos!$K366="Em analise",Candidatos!C366,"") | D366: =IF(Candidatos!$K366="Em analise",Candidatos!D366,"") | E366: =IF(Candidatos!$K366="Em analise",Candidatos!E366,"") | F366: =IF(Candidatos!$K366="Em analise",Candidatos!F366,"") | G366: =IF(Candidatos!$K366="Em analise",Candidatos!G366,"") | H366: =IF(Candidatos!$K366="Em analise",Candidatos!H366,"") | ... K366: =IF(Candidatos!$K366="Em analise",Candidatos!K366,"") | L366: =IF(Candidatos!$K366="Em analise",Candidatos!M366,"")
A367: =IF(Candidatos!$K367="Em analise",Candidatos!A367,"") | B367: =IF(Candidatos!$K367="Em analise",Candidatos!B367,"") | C367: =IF(Candidatos!$K367="Em analise",Candidatos!C367,"") | D367: =IF(Candidatos!$K367="Em analise",Candidatos!D367,"") | E367: =IF(Candidatos!$K367="Em analise",Candidatos!E367,"") | F367: =IF(Candidatos!$K367="Em analise",Candidatos!F367,"") | G367: =IF(Candidatos!$K367="Em analise",Candidatos!G367,"") | H367: =IF(Candidatos!$K367="Em analise",Candidatos!H367,"") | ... K367: =IF(Candidatos!$K367="Em analise",Candidatos!K367,"") | L367: =IF(Candidatos!$K367="Em analise",Candidatos!M367,"")
A368: =IF(Candidatos!$K368="Em analise",Candidatos!A368,"") | B368: =IF(Candidatos!$K368="Em analise",Candidatos!B368,"") | C368: =IF(Candidatos!$K368="Em analise",Candidatos!C368,"") | D368: =IF(Candidatos!$K368="Em analise",Candidatos!D368,"") | E368: =IF(Candidatos!$K368="Em analise",Candidatos!E368,"") | F368: =IF(Candidatos!$K368="Em analise",Candidatos!F368,"") | G368: =IF(Candidatos!$K368="Em analise",Candidatos!G368,"") | H368: =IF(Candidatos!$K368="Em analise",Candidatos!H368,"") | ... K368: =IF(Candidatos!$K368="Em analise",Candidatos!K368,"") | L368: =IF(Candidatos!$K368="Em analise",Candidatos!M368,"")
A369: =IF(Candidatos!$K369="Em analise",Candidatos!A369,"") | B369: =IF(Candidatos!$K369="Em analise",Candidatos!B369,"") | C369: =IF(Candidatos!$K369="Em analise",Candidatos!C369,"") | D369: =IF(Candidatos!$K369="Em analise",Candidatos!D369,"") | E369: =IF(Candidatos!$K369="Em analise",Candidatos!E369,"") | F369: =IF(Candidatos!$K369="Em analise",Candidatos!F369,"") | G369: =IF(Candidatos!$K369="Em analise",Candidatos!G369,"") | H369: =IF(Candidatos!$K369="Em analise",Candidatos!H369,"") | ... K369: =IF(Candidatos!$K369="Em analise",Candidatos!K369,"") | L369: =IF(Candidatos!$K369="Em analise",Candidatos!M369,"")
A370: =IF(Candidatos!$K370="Em analise",Candidatos!A370,"") | B370: =IF(Candidatos!$K370="Em analise",Candidatos!B370,"") | C370: =IF(Candidatos!$K370="Em analise",Candidatos!C370,"") | D370: =IF(Candidatos!$K370="Em analise",Candidatos!D370,"") | E370: =IF(Candidatos!$K370="Em analise",Candidatos!E370,"") | F370: =IF(Candidatos!$K370="Em analise",Candidatos!F370,"") | G370: =IF(Candidatos!$K370="Em analise",Candidatos!G370,"") | H370: =IF(Candidatos!$K370="Em analise",Candidatos!H370,"") | ... K370: =IF(Candidatos!$K370="Em analise",Candidatos!K370,"") | L370: =IF(Candidatos!$K370="Em analise",Candidatos!M370,"")
A371: =IF(Candidatos!$K371="Em analise",Candidatos!A371,"") | B371: =IF(Candidatos!$K371="Em analise",Candidatos!B371,"") | C371: =IF(Candidatos!$K371="Em analise",Candidatos!C371,"") | D371: =IF(Candidatos!$K371="Em analise",Candidatos!D371,"") | E371: =IF(Candidatos!$K371="Em analise",Candidatos!E371,"") | F371: =IF(Candidatos!$K371="Em analise",Candidatos!F371,"") | G371: =IF(Candidatos!$K371="Em analise",Candidatos!G371,"") | H371: =IF(Candidatos!$K371="Em analise",Candidatos!H371,"") | ... K371: =IF(Candidatos!$K371="Em analise",Candidatos!K371,"") | L371: =IF(Candidatos!$K371="Em analise",Candidatos!M371,"")
A372: =IF(Candidatos!$K372="Em analise",Candidatos!A372,"") | B372: =IF(Candidatos!$K372="Em analise",Candidatos!B372,"") | C372: =IF(Candidatos!$K372="Em analise",Candidatos!C372,"") | D372: =IF(Candidatos!$K372="Em analise",Candidatos!D372,"") | E372: =IF(Candidatos!$K372="Em analise",Candidatos!E372,"") | F372: =IF(Candidatos!$K372="Em analise",Candidatos!F372,"") | G372: =IF(Candidatos!$K372="Em analise",Candidatos!G372,"") | H372: =IF(Candidatos!$K372="Em analise",Candidatos!H372,"") | ... K372: =IF(Candidatos!$K372="Em analise",Candidatos!K372,"") | L372: =IF(Candidatos!$K372="Em analise",Candidatos!M372,"")
A373: =IF(Candidatos!$K373="Em analise",Candidatos!A373,"") | B373: =IF(Candidatos!$K373="Em analise",Candidatos!B373,"") | C373: =IF(Candidatos!$K373="Em analise",Candidatos!C373,"") | D373: =IF(Candidatos!$K373="Em analise",Candidatos!D373,"") | E373: =IF(Candidatos!$K373="Em analise",Candidatos!E373,"") | F373: =IF(Candidatos!$K373="Em analise",Candidatos!F373,"") | G373: =IF(Candidatos!$K373="Em analise",Candidatos!G373,"") | H373: =IF(Candidatos!$K373="Em analise",Candidatos!H373,"") | ... K373: =IF(Candidatos!$K373="Em analise",Candidatos!K373,"") | L373: =IF(Candidatos!$K373="Em analise",Candidatos!M373,"")
A374: =IF(Candidatos!$K374="Em analise",Candidatos!A374,"") | B374: =IF(Candidatos!$K374="Em analise",Candidatos!B374,"") | C374: =IF(Candidatos!$K374="Em analise",Candidatos!C374,"") | D374: =IF(Candidatos!$K374="Em analise",Candidatos!D374,"") | E374: =IF(Candidatos!$K374="Em analise",Candidatos!E374,"") | F374: =IF(Candidatos!$K374="Em analise",Candidatos!F374,"") | G374: =IF(Candidatos!$K374="Em analise",Candidatos!G374,"") | H374: =IF(Candidatos!$K374="Em analise",Candidatos!H374,"") | ... K374: =IF(Candidatos!$K374="Em analise",Candidatos!K374,"") | L374: =IF(Candidatos!$K374="Em analise",Candidatos!M374,"")
... A700: =IF(Candidatos!$K700="Em analise",Candidatos!A700,"") | B700: =IF(Candidatos!$K700="Em analise",Candidatos!B700,"") | C700: =IF(Candidatos!$K700="Em analise",Candidatos!C700,"") | D700: =IF(Candidatos!$K700="Em analise",Candidatos!D700,"") | E700: =IF(Candidatos!$K700="Em analise",Candidatos!E700,"") | F700: =IF(Candidatos!$K700="Em analise",Candidatos!F700,"") | G700: =IF(Candidatos!$K700="Em analise",Candidatos!G700,"") | H700: =IF(Candidatos!$K700="Em analise",Candidatos!H700,"") | ... K700: =IF(Candidatos!$K700="Em analise",Candidatos!K700,"") | L700: =IF(Candidatos!$K700="Em analise",Candidatos!M700,"")
C701: =IF(Candidatos!$K701="Em analise",Candidatos!C701,"") | D701: =IF(Candidatos!$K701="Em analise",Candidatos!D701,"") | E701: =IF(Candidatos!$K701="Em analise",Candidatos!E701,"") | F701: =IF(Candidatos!$K701="Em analise",Candidatos!F701,"") | G701: =IF(Candidatos!$K701="Em analise",Candidatos!G701,"") | H701: =IF(Candidatos!$K701="Em analise",Candidatos!H701,"") | I701: =IF(Candidatos!$K701="Em analise",Candidatos!I701,"") | J701: =IF(Candidatos!$K701="Em analise",Candidatos!J701,"") | K701: =IF(Candidatos!$K701="Em analise",Candidatos!K701,"") | L701: =IF(Candidatos!$K701="Em analise",Candidatos!M701,"")
C702: =IF(Candidatos!$K702="Em analise",Candidatos!C702,"") | D702: =IF(Candidatos!$K702="Em analise",Candidatos!D702,"") | E702: =IF(Candidatos!$K702="Em analise",Candidatos!E702,"") | F702: =IF(Candidatos!$K702="Em analise",Candidatos!F702,"") | G702: =IF(Candidatos!$K702="Em analise",Candidatos!G702,"") | H702: =IF(Candidatos!$K702="Em analise",Candidatos!H702,"") | I702: =IF(Candidatos!$K702="Em analise",Candidatos!I702,"") | J702: =IF(Candidatos!$K702="Em analise",Candidatos!J702,"") | K702: =IF(Candidatos!$K702="Em analise",Candidatos!K702,"") | L702: =IF(Candidatos!$K702="Em analise",Candidatos!M702,"")
C703: =IF(Candidatos!$K703="Em analise",Candidatos!C703,"") | D703: =IF(Candidatos!$K703="Em analise",Candidatos!D703,"") | E703: =IF(Candidatos!$K703="Em analise",Candidatos!E703,"") | F703: =IF(Candidatos!$K703="Em analise",Candidatos!F703,"") | G703: =IF(Candidatos!$K703="Em analise",Candidatos!G703,"") | H703: =IF(Candidatos!$K703="Em analise",Candidatos!H703,"") | I703: =IF(Candidatos!$K703="Em analise",Candidatos!I703,"") | J703: =IF(Candidatos!$K703="Em analise",Candidatos!J703,"") | K703: =IF(Candidatos!$K703="Em analise",Candidatos!K703,"") | L703: =IF(Candidatos!$K703="Em analise",Candidatos!M703,"")
D704: =IF(Candidatos!$K704="Em analise",Candidatos!D704,"") | E704: =IF(Candidatos!$K704="Em analise",Candidatos!E704,"") | F704: =IF(Candidatos!$K704="Em analise",Candidatos!F704,"") | G704: =IF(Candidatos!$K704="Em analise",Candidatos!G704,"") | H704: =IF(Candidatos!$K704="Em analise",Candidatos!H704,"") | I704: =IF(Candidatos!$K704="Em analise",Candidatos!I704,"") | J704: =IF(Candidatos!$K704="Em analise",Candidatos!J704,"") | K704: =IF(Candidatos!$K704="Em analise",Candidatos!K704,"") | L704: =IF(Candidatos!$K704="Em analise",Candidatos!M704,"")
D705: =IF(Candidatos!$K705="Em analise",Candidatos!D705,"") | E705: =IF(Candidatos!$K705="Em analise",Candidatos!E705,"") | F705: =IF(Candidatos!$K705="Em analise",Candidatos!F705,"") | G705: =IF(Candidatos!$K705="Em analise",Candidatos!G705,"") | H705: =IF(Candidatos!$K705="Em analise",Candidatos!H705,"") | I705: =IF(Candidatos!$K705="Em analise",Candidatos!I705,"") | J705: =IF(Candidatos!$K705="Em analise",Candidatos!J705,"") | K705: =IF(Candidatos!$K705="Em analise",Candidatos!K705,"") | L705: =IF(Candidatos!$K705="Em analise",Candidatos!M705,"")
D706: =IF(Candidatos!$K706="Em analise",Candidatos!D706,"") | E706: =IF(Candidatos!$K706="Em analise",Candidatos!E706,"") | F706: =IF(Candidatos!$K706="Em analise",Candidatos!F706,"") | G706: =IF(Candidatos!$K706="Em analise",Candidatos!G706,"") | H706: =IF(Candidatos!$K706="Em analise",Candidatos!H706,"") | I706: =IF(Candidatos!$K706="Em analise",Candidatos!I706,"") | J706: =IF(Candidatos!$K706="Em analise",Candidatos!J706,"") | K706: =IF(Candidatos!$K706="Em analise",Candidatos!K706,"") | L706: =IF(Candidatos!$K706="Em analise",Candidatos!M706,"")
D707: =IF(Candidatos!$K707="Em analise",Candidatos!D707,"") | E707: =IF(Candidatos!$K707="Em analise",Candidatos!E707,"") | F707: =IF(Candidatos!$K707="Em analise",Candidatos!F707,"") | G707: =IF(Candidatos!$K707="Em analise",Candidatos!G707,"") | H707: =IF(Candidatos!$K707="Em analise",Candidatos!H707,"") | I707: =IF(Candidatos!$K707="Em analise",Candidatos!I707,"") | J707: =IF(Candidatos!$K707="Em analise",Candidatos!J707,"") | K707: =IF(Candidatos!$K707="Em analise",Candidatos!K707,"") | L707: =IF(Candidatos!$K707="Em analise",Candidatos!M707,"")
D708: =IF(Candidatos!$K708="Em analise",Candidatos!D708,"") | E708: =IF(Candidatos!$K708="Em analise",Candidatos!E708,"") | F708: =IF(Candidatos!$K708="Em analise",Candidatos!F708,"") | G708: =IF(Candidatos!$K708="Em analise",Candidatos!G708,"") | H708: =IF(Candidatos!$K708="Em analise",Candidatos!H708,"") | I708: =IF(Candidatos!$K708="Em analise",Candidatos!I708,"") | J708: =IF(Candidatos!$K708="Em analise",Candidatos!J708,"") | K708: =IF(Candidatos!$K708="Em analise",Candidatos!K708,"") | L708: =IF(Candidatos!$K708="Em analise",Candidatos!M708,"")
D709: =IF(Candidatos!$K709="Em analise",Candidatos!D709,"") | E709: =IF(Candidatos!$K709="Em analise",Candidatos!E709,"") | F709: =IF(Candidatos!$K709="Em analise",Candidatos!F709,"") | G709: =IF(Candidatos!$K709="Em analise",Candidatos!G709,"") | H709: =IF(Candidatos!$K709="Em analise",Candidatos!H709,"") | I709: =IF(Candidatos!$K709="Em analise",Candidatos!I709,"") | J709: =IF(Candidatos!$K709="Em analise",Candidatos!J709,"") | K709: =IF(Candidatos!$K709="Em analise",Candidatos!K709,"") | L709: =IF(Candidatos!$K709="Em analise",Candidatos!M709,"")
D710: =IF(Candidatos!$K710="Em analise",Candidatos!D710,"") | E710: =IF(Candidatos!$K710="Em analise",Candidatos!E710,"") | F710: =IF(Candidatos!$K710="Em analise",Candidatos!F710,"") | G710: =IF(Candidatos!$K710="Em analise",Candidatos!G710,"") | H710: =IF(Candidatos!$K710="Em analise",Candidatos!H710,"") | I710: =IF(Candidatos!$K710="Em analise",Candidatos!I710,"") | J710: =IF(Candidatos!$K710="Em analise",Candidatos!J710,"") | K710: =IF(Candidatos!$K710="Em analise",Candidatos!K710,"") | L710: =IF(Candidatos!$K710="Em analise",Candidatos!M710,"")
D711: =IF(Candidatos!$K711="Em analise",Candidatos!D711,"") | E711: =IF(Candidatos!$K711="Em analise",Candidatos!E711,"") | F711: =IF(Candidatos!$K711="Em analise",Candidatos!F711,"") | G711: =IF(Candidatos!$K711="Em analise",Candidatos!G711,"") | H711: =IF(Candidatos!$K711="Em analise",Candidatos!H711,"") | I711: =IF(Candidatos!$K711="Em analise",Candidatos!I711,"") | J711: =IF(Candidatos!$K711="Em analise",Candidatos!J711,"") | K711: =IF(Candidatos!$K711="Em analise",Candidatos!K711,"") | L711: =IF(Candidatos!$K711="Em analise",Candidatos!M711,"")
D712: =IF(Candidatos!$K712="Em analise",Candidatos!D712,"") | E712: =IF(Candidatos!$K712="Em analise",Candidatos!E712,"") | F712: =IF(Candidatos!$K712="Em analise",Candidatos!F712,"") | G712: =IF(Candidatos!$K712="Em analise",Candidatos!G712,"") | H712: =IF(Candidatos!$K712="Em analise",Candidatos!H712,"") | I712: =IF(Candidatos!$K712="Em analise",Candidatos!I712,"") | J712: =IF(Candidatos!$K712="Em analise",Candidatos!J712,"") | K712: =IF(Candidatos!$K712="Em analise",Candidatos!K712,"") | L712: =IF(Candidatos!$K712="Em analise",Candidatos!M712,"")
D713: =IF(Candidatos!$K713="Em analise",Candidatos!D713,"") | E713: =IF(Candidatos!$K713="Em analise",Candidatos!E713,"") | F713: =IF(Candidatos!$K713="Em analise",Candidatos!F713,"") | G713: =IF(Candidatos!$K713="Em analise",Candidatos!G713,"") | H713: =IF(Candidatos!$K713="Em analise",Candidatos!H713,"") | I713: =IF(Candidatos!$K713="Em analise",Candidatos!I713,"") | J713: =IF(Candidatos!$K713="Em analise",Candidatos!J713,"") | K713: =IF(Candidatos!$K713="Em analise",Candidatos!K713,"") | L713: =IF(Candidatos!$K713="Em analise",Candidatos!M713,"")
D714: =IF(Candidatos!$K714="Em analise",Candidatos!D714,"") | E714: =IF(Candidatos!$K714="Em analise",Candidatos!E714,"") | F714: =IF(Candidatos!$K714="Em analise",Candidatos!F714,"") | G714: =IF(Candidatos!$K714="Em analise",Candidatos!G714,"") | H714: =IF(Candidatos!$K714="Em analise",Candidatos!H714,"") | I714: =IF(Candidatos!$K714="Em analise",Candidatos!I714,"") | J714: =IF(Candidatos!$K714="Em analise",Candidatos!J714,"") | K714: =IF(Candidatos!$K714="Em analise",Candidatos!K714,"") | L714: =IF(Candidatos!$K714="Em analise",Candidatos!M714,"")
D715: =IF(Candidatos!$K715="Em analise",Candidatos!D715,"") | E715: =IF(Candidatos!$K715="Em analise",Candidatos!E715,"") | F715: =IF(Candidatos!$K715="Em analise",Candidatos!F715,"") | G715: =IF(Candidatos!$K715="Em analise",Candidatos!G715,"") | H715: =IF(Candidatos!$K715="Em analise",Candidatos!H715,"") | I715: =IF(Candidatos!$K715="Em analise",Candidatos!I715,"") | J715: =IF(Candidatos!$K715="Em analise",Candidatos!J715,"") | K715: =IF(Candidatos!$K715="Em analise",Candidatos!K715,"") | L715: =IF(Candidatos!$K715="Em analise",Candidatos!M715,"")
... D728: =IF(Candidatos!$K728="Em analise",Candidatos!D728,"") | E728: =IF(Candidatos!$K728="Em analise",Candidatos!E728,"") | F728: =IF(Candidatos!$K728="Em analise",Candidatos!F728,"") | G728: =IF(Candidatos!$K728="Em analise",Candidatos!G728,"") | H728: =IF(Candidatos!$K728="Em analise",Candidatos!H728,"") | I728: =IF(Candidatos!$K728="Em analise",Candidatos!I728,"") | J728: =IF(Candidatos!$K728="Em analise",Candidatos!J728,"") | K728: =IF(Candidatos!$K728="Em analise",Candidatos!K728,"") | L728: =IF(Candidatos!$K728="Em analise",Candidatos!M728,"")
D729: =IF(Candidatos!$K729="Em analise",Candidatos!D729,"") | E729: =IF(Candidatos!$K729="Em analise",Candidatos!E729,"") | F729: =IF(Candidatos!$K729="Em analise",Candidatos!F729,"") | H729: =IF(Candidatos!$K729="Em analise",Candidatos!H729,"") | I729: =IF(Candidatos!$K729="Em analise",Candidatos!I729,"") | J729: =IF(Candidatos!$K729="Em analise",Candidatos!J729,"") | K729: =IF(Candidatos!$K729="Em analise",Candidatos!K729,"") | L729: =IF(Candidatos!$K729="Em analise",Candidatos!M729,"")
D730: =IF(Candidatos!$K730="Em analise",Candidatos!D730,"") | E730: =IF(Candidatos!$K730="Em analise",Candidatos!E730,"") | F730: =IF(Candidatos!$K730="Em analise",Candidatos!F730,"") | H730: =IF(Candidatos!$K730="Em analise",Candidatos!H730,"") | J730: =IF(Candidatos!$K730="Em analise",Candidatos!J730,"") | K730: =IF(Candidatos!$K730="Em analise",Candidatos!K730,"") | L730: =IF(Candidatos!$K730="Em analise",Candidatos!M730,"")
D731: =IF(Candidatos!$K731="Em analise",Candidatos!D731,"") | E731: =IF(Candidatos!$K731="Em analise",Candidatos!E731,"") | F731: =IF(Candidatos!$K731="Em analise",Candidatos!F731,"") | H731: =IF(Candidatos!$K731="Em analise",Candidatos!H731,"") | J731: =IF(Candidatos!$K731="Em analise",Candidatos!J731,"") | K731: =IF(Candidatos!$K731="Em analise",Candidatos!K731,"") | L731: =IF(Candidatos!$K731="Em analise",Candidatos!M731,"")
D732: =IF(Candidatos!$K732="Em analise",Candidatos!D732,"") | E732: =IF(Candidatos!$K732="Em analise",Candidatos!E732,"") | F732: =IF(Candidatos!$K732="Em analise",Candidatos!F732,"") | H732: =IF(Candidatos!$K732="Em analise",Candidatos!H732,"") | J732: =IF(Candidatos!$K732="Em analise",Candidatos!J732,"") | K732: =IF(Candidatos!$K732="Em analise",Candidatos!K732,"") | L732: =IF(Candidatos!$K732="Em analise",Candidatos!M732,"")
D733: =IF(Candidatos!$K733="Em analise",Candidatos!D733,"") | E733: =IF(Candidatos!$K733="Em analise",Candidatos!E733,"") | F733: =IF(Candidatos!$K733="Em analise",Candidatos!F733,"") | H733: =IF(Candidatos!$K733="Em analise",Candidatos!H733,"") | J733: =IF(Candidatos!$K733="Em analise",Candidatos!J733,"") | K733: =IF(Candidatos!$K733="Em analise",Candidatos!K733,"") | L733: =IF(Candidatos!$K733="Em analise",Candidatos!M733,"")
D734: =IF(Candidatos!$K734="Em analise",Candidatos!D734,"") | E734: =IF(Candidatos!$K734="Em analise",Candidatos!E734,"") | F734: =IF(Candidatos!$K734="Em analise",Candidatos!F734,"") | H734: =IF(Candidatos!$K734="Em analise",Candidatos!H734,"") | J734: =IF(Candidatos!$K734="Em analise",Candidatos!J734,"") | K734: =IF(Candidatos!$K734="Em analise",Candidatos!K734,"") | L734: =IF(Candidatos!$K734="Em analise",Candidatos!M734,"")
D735: =IF(Candidatos!$K735="Em analise",Candidatos!D735,"") | E735: =IF(Candidatos!$K735="Em analise",Candidatos!E735,"") | F735: =IF(Candidatos!$K735="Em analise",Candidatos!F735,"") | H735: =IF(Candidatos!$K735="Em analise",Candidatos!H735,"") | J735: =IF(Candidatos!$K735="Em analise",Candidatos!J735,"") | K735: =IF(Candidatos!$K735="Em analise",Candidatos!K735,"")
D736: =IF(Candidatos!$K736="Em analise",Candidatos!D736,"") | E736: =IF(Candidatos!$K736="Em analise",Candidatos!E736,"") | F736: =IF(Candidatos!$K736="Em analise",Candidatos!F736,"") | H736: =IF(Candidatos!$K736="Em analise",Candidatos!H736,"") | J736: =IF(Candidatos!$K736="Em analise",Candidatos!J736,"") | K736: =IF(Candidatos!$K736="Em analise",Candidatos!K736,"")
D737: =IF(Candidatos!$K737="Em analise",Candidatos!D737,"") | E737: =IF(Candidatos!$K737="Em analise",Candidatos!E737,"") | F737: =IF(Candidatos!$K737="Em analise",Candidatos!F737,"") | H737: =IF(Candidatos!$K737="Em analise",Candidatos!H737,"") | J737: =IF(Candidatos!$K737="Em analise",Candidatos!J737,"")
D738: =IF(Candidatos!$K738="Em analise",Candidatos!D738,"") | E738: =IF(Candidatos!$K738="Em analise",Candidatos!E738,"") | F738: =IF(Candidatos!$K738="Em analise",Candidatos!F738,"") | H738: =IF(Candidatos!$K738="Em analise",Candidatos!H738,"") | J738: =IF(Candidatos!$K738="Em analise",Candidatos!J738,"")
D739: =IF(Candidatos!$K739="Em analise",Candidatos!D739,"") | E739: =IF(Candidatos!$K739="Em analise",Candidatos!E739,"") | F739: =IF(Candidatos!$K739="Em analise",Candidatos!F739,"") | H739: =IF(Candidatos!$K739="Em analise",Candidatos!H739,"") | J739: =IF(Candidatos!$K739="Em analise",Candidatos!J739,"")
D740: =IF(Candidatos!$K740="Em analise",Candidatos!D740,"") | E740: =IF(Candidatos!$K740="Em analise",Candidatos!E740,"") | F740: =IF(Candidatos!$K740="Em analise",Candidatos!F740,"") | H740: =IF(Candidatos!$K740="Em analise",Candidatos!H740,"") | J740: =IF(Candidatos!$K740="Em analise",Candidatos!J740,"")
D741: =IF(Candidatos!$K741="Em analise",Candidatos!D741,"") | E741: =IF(Candidatos!$K741="Em analise",Candidatos!E741,"") | F741: =IF(Candidatos!$K741="Em analise",Candidatos!F741,"") | H741: =IF(Candidatos!$K741="Em analise",Candidatos!H741,"") | J741: =IF(Candidatos!$K741="Em analise",Candidatos!J741,"")
D742: =IF(Candidatos!$K742="Em analise",Candidatos!D742,"") | E742: =IF(Candidatos!$K742="Em analise",Candidatos!E742,"") | F742: =IF(Candidatos!$K742="Em analise",Candidatos!F742,"") | H742: =IF(Candidatos!$K742="Em analise",Candidatos!H742,"") | J742: =IF(Candidatos!$K742="Em analise",Candidatos!J742,"")
E743: =IF(Candidatos!$K743="Em analise",Candidatos!E743,"") | F743: =IF(Candidatos!$K743="Em analise",Candidatos!F743,"") | H743: =IF(Candidatos!$K743="Em analise",Candidatos!H743,"") | J743: =IF(Candidatos!$K743="Em analise",Candidatos!J743,"")
E744: =IF(Candidatos!$K744="Em analise",Candidatos!E744,"") | F744: =IF(Candidatos!$K744="Em analise",Candidatos!F744,"") | H744: =IF(Candidatos!$K744="Em analise",Candidatos!H744,"") | J744: =IF(Candidatos!$K744="Em analise",Candidatos!J744,"")
E745: =IF(Candidatos!$K745="Em analise",Candidatos!E745,"") | F745: =IF(Candidatos!$K745="Em analise",Candidatos!F745,"") | H745: =IF(Candidatos!$K745="Em analise",Candidatos!H745,"") | J745: =IF(Candidatos!$K745="Em analise",Candidatos!J745,"")
E746: =IF(Candidatos!$K746="Em analise",Candidatos!E746,"") | F746: =IF(Candidatos!$K746="Em analise",Candidatos!F746,"") | J746: =IF(Candidatos!$K746="Em analise",Candidatos!J746,"")
E747: =IF(Candidatos!$K747="Em analise",Candidatos!E747,"") | F747: =IF(Candidatos!$K747="Em analise",Candidatos!F747,"") | J747: =IF(Candidatos!$K747="Em analise",Candidatos!J747,"")
E748: =IF(Candidatos!$K748="Em analise",Candidatos!E748,"") | F748: =IF(Candidatos!$K748="Em analise",Candidatos!F748,"") | J748: =IF(Candidatos!$K748="Em analise",Candidatos!J748,"")
E749: =IF(Candidatos!$K749="Em analise",Candidatos!E749,"") | F749: =IF(Candidatos!$K749="Em analise",Candidatos!F749,"") | J749: =IF(Candidatos!$K749="Em analise",Candidatos!J749,"")
E750: =IF(Candidatos!$K750="Em analise",Candidatos!E750,"") | F750: =IF(Candidatos!$K750="Em analise",Candidatos!F750,"")
E751: =IF(Candidatos!$K751="Em analise",Candidatos!E751,"") | F751: =IF(Candidatos!$K751="Em analise",Candidatos!F751,"")
E752: =IF(Candidatos!$K752="Em analise",Candidatos!E752,"") | F752: =IF(Candidatos!$K752="Em analise",Candidatos!F752,"")
E753: =IF(Candidatos!$K753="Em analise",Candidatos!E753,"") | F753: =IF(Candidatos!$K753="Em analise",Candidatos!F753,"")
E754: =IF(Candidatos!$K754="Em analise",Candidatos!E754,"") | F754: =IF(Candidatos!$K754="Em analise",Candidatos!F754,"")
F755: =IF(Candidatos!$K755="Em analise",Candidatos!F755,"")
F756: =IF(Candidatos!$K756="Em analise",Candidatos!F756,"")
F757: =IF(Candidatos!$K757="Em analise",Candidatos!F757,"")
F758: =IF(Candidatos!$K758="Em analise",Candidatos!F758,"")
F759: =IF(Candidatos!$K759="Em analise",Candidatos!F759,"")
F760: =IF(Candidatos!$K760="Em analise",Candidatos!F760,"")
F761: =IF(Candidatos!$K761="Em analise",Candidatos!F761,"")
F762: =IF(Candidatos!$K762="Em analise",Candidatos!F762,"")
F763: =IF(Candidatos!$K763="Em analise",Candidatos!F763,"")
F764: =IF(Candidatos!$K764="Em analise",Candidatos!F764,"")
F765: =IF(Candidatos!$K765="Em analise",Candidatos!F765,"")
F766: =IF(Candidatos!$K766="Em analise",Candidatos!F766,"")

Sheet Negado
A1: Nome do inscrito(a) | B1: Data de inscrição | C1: e-mail | D1: Contato | E1: Região | F1: Turma | G1: Idade | H1: Renda Familiar | I1: Equipe NAU | J1: Agendamento | K1: Motivo | L1: Comentarios
A2: =IF(Candidatos!$K2="Negado",Candidatos!A2,"") | B2: =IF(Candidatos!$K2="Negado",Candidatos!B2,"") | C2: =IF(Candidatos!$K2="Negado",Candidatos!C2,"") | D2: =IF(Candidatos!$K2="Negado",Candidatos!D2,"") | E2: =IF(Candidatos!$K2="Negado",Candidatos!E2,"") | F2: =IF(Candidatos!$K2="Negado",Candidatos!F2,"") | G2: =IF(Candidatos!$K2="Negado",Candidatos!G2,"") | H2: =IF(Candidatos!$K2="Negado",Candidatos!H2,"") | ... J2: =IF(Candidatos!$K2="Negado",Candidatos!J2,"") | K2: =IF(Candidatos!$K2="Negado",Candidatos!L2,"") | L2: =IF(Candidatos!$K2="Negado",Candidatos!M2,"")
A3: =IF(Candidatos!$K3="Negado",Candidatos!A3,"") | B3: =IF(Candidatos!$K3="Negado",Candidatos!B3,"") | C3: =IF(Candidatos!$K3="Negado",Candidatos!C3,"") | D3: =IF(Candidatos!$K3="Negado",Candidatos!D3,"") | E3: =IF(Candidatos!$K3="Negado",Candidatos!E3,"") | F3: =IF(Candidatos!$K3="Negado",Candidatos!F3,"") | G3: =IF(Candidatos!$K3="Negado",Candidatos!G3,"") | H3: =IF(Candidatos!$K3="Negado",Candidatos!H3,"") | ... J3: =IF(Candidatos!$K3="Negado",Candidatos!J3,"") | K3: =IF(Candidatos!$K3="Negado",Candidatos!L3,"") | L3: =IF(Candidatos!$K3="Negado",Candidatos!M3,"")
A4: =IF(Candidatos!$K4="Negado",Candidatos!A4,"") | B4: =IF(Candidatos!$K4="Negado",Candidatos!B4,"") | C4: =IF(Candidatos!$K4="Negado",Candidatos!C4,"") | D4: =IF(Candidatos!$K4="Negado",Candidatos!D4,"") | E4: =IF(Candidatos!$K4="Negado",Candidatos!E4,"") | F4: =IF(Candidatos!$K4="Negado",Candidatos!F4,"") | G4: =IF(Candidatos!$K4="Negado",Candidatos!G4,"") | H4: =IF(Candidatos!$K4="Negado",Candidatos!H4,"") | ... J4: =IF(Candidatos!$K4="Negado",Candidatos!J4,"") | K4: =IF(Candidatos!$K4="Negado",Candidatos!L4,"") | L4: =IF(Candidatos!$K4="Negado",Candidatos!M4,"")
A5: =IF(Candidatos!$K5="Negado",Candidatos!A5,"") | B5: =IF(Candidatos!$K5="Negado",Candidatos!B5,"") | C5: =IF(Candidatos!$K5="Negado",Candidatos!C5,"") | D5: =IF(Candidatos!$K5="Negado",Candidatos!D5,"") | E5: =IF(Candidatos!$K5="Negado",Candidatos!E5,"") | F5: =IF(Candidatos!$K5="Negado",Candidatos!F5,"") | G5: =IF(Candidatos!$K5="Negado",Candidatos!G5,"") | H5: =IF(Candidatos!$K5="Negado",Candidatos!H5,"") | ... J5: =IF(Candidatos!$K5="Negado",Candidatos!J5,"") | K5: =IF(Candidatos!$K5="Negado",Candidatos!L5,"") | L5: =IF(Candidatos!$K5="Negado",Candidatos!M5,"")
A6: =IF(Candidatos!$K6="Negado",Candidatos!A6,"") | B6: =IF(Candidatos!$K6="Negado",Candidatos!B6,"") | C6: =IF(Candidatos!$K6="Negado",Candidatos!C6,"") | D6: =IF(Candidatos!$K6="Negado",Candidatos!D6,"") | E6: =IF(Candidatos!$K6="Negado",Candidatos!E6,"") | F6: =IF(Candidatos!$K6="Negado",Candidatos!F6,"") | G6: =IF(Candidatos!$K6="Negado",Candidatos!G6,"") | H6: =IF(Candidatos!$K6="Negado",Candidatos!H6,"") | ... J6: =IF(Candidatos!$K6="Negado",Candidatos!J6,"") | K6: =IF(Candidatos!$K6="Negado",Candidatos!L6,"") | L6: =IF(Candidatos!$K6="Negado",Candidatos!M6,"")
A7: =IF(Candidatos!$K7="Negado",Candidatos!A7,"") | B7: =IF(Candidatos!$K7="Negado",Candidatos!B7,"") | C7: =IF(Candidatos!$K7="Negado",Candidatos!C7,"") | D7: =IF(Candidatos!$K7="Negado",Candidatos!D7,"") | E7: =IF(Candidatos!$K7="Negado",Candidatos!E7,"") | F7: =IF(Candidatos!$K7="Negado",Candidatos!F7,"") | G7: =IF(Candidatos!$K7="Negado",Candidatos!G7,"") | H7: =IF(Candidatos!$K7="Negado",Candidatos!H7,"") | ... J7: =IF(Candidatos!$K7="Negado",Candidatos!J7,"") | K7: =IF(Candidatos!$K7="Negado",Candidatos!L7,"") | L7: =IF(Candidatos!$K7="Negado",Candidatos!M7,"")
A8: =IF(Candidatos!$K8="Negado",Candidatos!A8,"") | B8: =IF(Candidatos!$K8="Negado",Candidatos!B8,"") | C8: =IF(Candidatos!$K8="Negado",Candidatos!C8,"") | D8: =IF(Candidatos!$K8="Negado",Candidatos!D8,"") | E8: =IF(Candidatos!$K8="Negado",Candidatos!E8,"") | F8: =IF(Candidatos!$K8="Negado",Candidatos!F8,"") | G8: =IF(Candidatos!$K8="Negado",Candidatos!G8,"") | H8: =IF(Candidatos!$K8="Negado",Candidatos!H8,"") | ... J8: =IF(Candidatos!$K8="Negado",Candidatos!J8,"") | K8: =IF(Candidatos!$K8="Negado",Candidatos!L8,"") | L8: =IF(Candidatos!$K8="Negado",Candidatos!M8,"")
A9: =IF(Candidatos!$K9="Negado",Candidatos!A9,"") | B9: =IF(Candidatos!$K9="Negado",Candidatos!B9,"") | C9: =IF(Candidatos!$K9="Negado",Candidatos!C9,"") | D9: =IF(Candidatos!$K9="Negado",Candidatos!D9,"") | E9: =IF(Candidatos!$K9="Negado",Candidatos!E9,"") | F9: =IF(Candidatos!$K9="Negado",Candidatos!F9,"") | G9: =IF(Candidatos!$K9="Negado",Candidatos!G9,"") | H9: =IF(Candidatos!$K9="Negado",Candidatos!H9,"") | ... J9: =IF(Candidatos!$K9="Negado",Candidatos!J9,"") | K9: =IF(Candidatos!$K9="Negado",Candidatos!L9,"") | L9: =IF(Candidatos!$K9="Negado",Candidatos!M9,"")
A10: =IF(Candidatos!$K10="Negado",Candidatos!A10,"") | B10: =IF(Candidatos!$K10="Negado",Candidatos!B10,"") | C10: =IF(Candidatos!$K10="Negado",Candidatos!C10,"") | D10: =IF(Candidatos!$K10="Negado",Candidatos!D10,"") | E10: =IF(Candidatos!$K10="Negado",Candidatos!E10,"") | F10: =IF(Candidatos!$K10="Negado",Candidatos!F10,"") | G10: =IF(Candidatos!$K10="Negado",Candidatos!G10,"") | H10: =IF(Candidatos!$K10="Negado",Candidatos!H10,"") | ... J10: =IF(Candidatos!$K10="Negado",Candidatos!J10,"") | K10: =IF(Candidatos!$K10="Negado",Candidatos!L10,"") | L10: =IF(Candidatos!$K10="Negado",Candidatos!M10,"")
A11: =IF(Candidatos!$K11="Negado",Candidatos!A11,"") | B11: =IF(Candidatos!$K11="Negado",Candidatos!B11,"") | C11: =IF(Candidatos!$K11="Negado",Candidatos!C11,"") | D11: =IF(Candidatos!$K11="Negado",Candidatos!D11,"") | E11: =IF(Candidatos!$K11="Negado",Candidatos!E11,"") | F11: =IF(Candidatos!$K11="Negado",Candidatos!F11,"") | G11: =IF(Candidatos!$K11="Negado",Candidatos!G11,"") | H11: =IF(Candidatos!$K11="Negado",Candidatos!H11,"") | ... J11: =IF(Candidatos!$K11="Negado",Candidatos!J11,"") | K11: =IF(Candidatos!$K11="Negado",Candidatos!L11,"") | L11: =IF(Candidatos!$K11="Negado",Candidatos!M11,"")
A12: =IF(Candidatos!$K12="Negado",Candidatos!A12,"") | B12: =IF(Candidatos!$K12="Negado",Candidatos!B12,"") | C12: =IF(Candidatos!$K12="Negado",Candidatos!C12,"") | D12: =IF(Candidatos!$K12="Negado",Candidatos!D12,"") | E12: =IF(Candidatos!$K12="Negado",Candidatos!E12,"") | F12: =IF(Candidatos!$K12="Negado",Candidatos!F12,"") | G12: =IF(Candidatos!$K12="Negado",Candidatos!G12,"") | H12: =IF(Candidatos!$K12="Negado",Candidatos!H12,"") | ... J12: =IF(Candidatos!$K12="Negado",Candidatos!J12,"") | K12: =IF(Candidatos!$K12="Negado",Candidatos!L12,"") | L12: =IF(Candidatos!$K12="Negado",Candidatos!M12,"")
A13: =IF(Candidatos!$K13="Negado",Candidatos!A13,"") | B13: =IF(Candidatos!$K13="Negado",Candidatos!B13,"") | C13: =IF(Candidatos!$K13="Negado",Candidatos!C13,"") | D13: =IF(Candidatos!$K13="Negado",Candidatos!D13,"") | E13: =IF(Candidatos!$K13="Negado",Candidatos!E13,"") | F13: =IF(Candidatos!$K13="Negado",Candidatos!F13,"") | G13: =IF(Candidatos!$K13="Negado",Candidatos!G13,"") | H13: =IF(Candidatos!$K13="Negado",Candidatos!H13,"") | ... J13: =IF(Candidatos!$K13="Negado",Candidatos!J13,"") | K13: =IF(Candidatos!$K13="Negado",Candidatos!L13,"") | L13: =IF(Candidatos!$K13="Negado",Candidatos!M13,"")
... A281: =IF(Candidatos!$K281="Negado",Candidatos!A281,"") | B281: =IF(Candidatos!$K281="Negado",Candidatos!B281,"") | C281: =IF(Candidatos!$K281="Negado",Candidatos!C281,"") | D281: =IF(Candidatos!$K281="Negado",Candidatos!D281,"") | E281: =IF(Candidatos!$K281="Negado",Candidatos!E281,"") | F281: =IF(Candidatos!$K281="Negado",Candidatos!F281,"") | G281: =IF(Candidatos!$K281="Negado",Candidatos!G281,"") | H281: =IF(Candidatos!$K281="Negado",Candidatos!H281,"") | ... J281: =IF(Candidatos!$K281="Negado",Candidatos!J281,"") | K281: =IF(Candidatos!$K281="Negado",Candidatos!L281,"") | L281: =IF(Candidatos!$K281="Negado",Candidatos!M281,"")
A282: =IF(Candidatos!$K282="Negado",Candidatos!A282,"") | B282: =IF(Candidatos!$K282="Negado",Candidatos!B282,"") | C282: =IF(Candidatos!$K282="Negado",Candidatos!C282,"") | D282: =IF(Candidatos!$K282="Negado",Candidatos!D282,"") | E282: =IF(Candidatos!$K282="Negado",Candidatos!E282,"") | F282: =IF(Candidatos!$K282="Negado",Candidatos!F282,"") | G282: =IF(Candidatos!$K282="Negado",Candidatos!G282,"") | H282: =IF(Candidatos!$K282="Negado",Candidatos!H282,"") | I282: =IF(Candidatos!$K282="Negado",Candidatos!I283,"") | J282: =IF(Candidatos!$K282="Negado",Candidatos!J282,"") | K282: =IF(Candidatos!$K282="Negado",Candidatos!L282,"") | L282: =IF(Candidatos!$K282="Negado",Candidatos!M282,"")
A283: =IF(Candidatos!$K283="Negado",Candidatos!A283,"") | B283: =IF(Candidatos!$K283="Negado",Candidatos!B283,"") | C283: =IF(Candidatos!$K283="Negado",Candidatos!C283,"") | D283: =IF(Candidatos!$K283="Negado",Candidatos!D283,"") | E283: =IF(Candidatos!$K283="Negado",Candidatos!E283,"") | F283: =IF(Candidatos!$K283="Negado",Candidatos!F283,"") | G283: =IF(Candidatos!$K283="Negado",Candidatos!G283,"") | H283: =IF(Candidatos!$K283="Negado",Candidatos!H283,"") | I283: =IF(Candidatos!$K283="Negado",#REF!,"") | J283: =IF(Candidatos!$K283="Negado",Candidatos!J283,"") | K283: =IF(Candidatos!$K283="Negado",Candidatos!L283,"") | L283: =IF(Candidatos!$K283="Negado",Candidatos!M283,"")
A284: =IF(Candidatos!$K284="Negado",Candidatos!A284,"") | B284: =IF(Candidatos!$K284="Negado",Candidatos!B284,"") | C284: =IF(Candidatos!$K284="Negado",Candidatos!C284,"") | D284: =IF(Candidatos!$K284="Negado",Candidatos!D284,"") | E284: =IF(Candidatos!$K284="Negado",Candidatos!E284,"") | F284: =IF(Candidatos!$K284="Negado",Candidatos!F284,"") | G284: =IF(Candidatos!$K284="Negado",Candidatos!G284,"") | H284: =IF(Candidatos!$K284="Negado",Candidatos!H284,"") | ... J284: =IF(Candidatos!$K284="Negado",Candidatos!J284,"") | K284: =IF(Candidatos!$K284="Negado",Candidatos!L284,"") | L284: =IF(Candidatos!$K284="Negado",Candidatos!M284,"")
A285: =IF(Candidatos!$K285="Negado",Candidatos!A285,"") | B285: =IF(Candidatos!$K285="Negado",Candidatos!B285,"") | C285: =IF(Candidatos!$K285="Negado",Candidatos!C285,"") | D285: =IF(Candidatos!$K285="Negado",Candidatos!D285,"") | E285: =IF(Candidatos!$K285="Negado",Candidatos!E285,"") | F285: =IF(Candidatos!$K285="Negado",Candidatos!F285,"") | G285: =IF(Candidatos!$K285="Negado",Candidatos!G285,"") | H285: =IF(Candidatos!$K285="Negado",Candidatos!H285,"") | ... J285: =IF(Candidatos!$K285="Negado",Candidatos!J285,"") | K285: =IF(Candidatos!$K285="Negado",Candidatos!L285,"") | L285: =IF(Candidatos!$K285="Negado",Candidatos!M285,"")
A286: =IF(Candidatos!$K286="Negado",Candidatos!A286,"") | B286: =IF(Candidatos!$K286="Negado",Candidatos!B286,"") | C286: =IF(Candidatos!$K286="Negado",Candidatos!C286,"") | D286: =IF(Candidatos!$K286="Negado",Candidatos!D286,"") | E286: =IF(Candidatos!$K286="Negado",Candidatos!E286,"") | F286: =IF(Candidatos!$K286="Negado",Candidatos!F286,"") | G286: =IF(Candidatos!$K286="Negado",Candidatos!G286,"") | H286: =IF(Candidatos!$K286="Negado",Candidatos!H286,"") | ... J286: =IF(Candidatos!$K286="Negado",Candidatos!J286,"") | K286: =IF(Candidatos!$K286="Negado",Candidatos!L286,"") | L286: =IF(Candidatos!$K286="Negado",Candidatos!M286,"")
A287: =IF(Candidatos!$K287="Negado",Candidatos!A287,"") | B287: =IF(Candidatos!$K287="Negado",Candidatos!B287,"") | C287: =IF(Candidatos!$K287="Negado",Candidatos!C287,"") | D287: =IF(Candidatos!$K287="Negado",Candidatos!D287,"") | E287: =IF(Candidatos!$K287="Negado",Candidatos!E287,"") | F287: =IF(Candidatos!$K287="Negado",Candidatos!F287,"") | G287: =IF(Candidatos!$K287="Negado",Candidatos!G287,"") | H287: =IF(Candidatos!$K287="Negado",Candidatos!H287,"") | ... J287: =IF(Candidatos!$K287="Negado",Candidatos!J287,"") | K287: =IF(Candidatos!$K287="Negado",Candidatos!L287,"") | L287: =IF(Candidatos!$K287="Negado",Candidatos!M287,"")
A288: =IF(Candidatos!$K288="Negado",Candidatos!A288,"") | B288: =IF(Candidatos!$K288="Negado",Candidatos!B288,"") | C288: =IF(Candidatos!$K288="Negado",Candidatos!C288,"") | D288: =IF(Candidatos!$K288="Negado",Candidatos!D288,"") | E288: =IF(Candidatos!$K288="Negado",Candidatos!E288,"") | F288: =IF(Candidatos!$K288="Negado",Candidatos!F288,"") | G288: =IF(Candidatos!$K288="Negado",Candidatos!G288,"") | H288: =IF(Candidatos!$K288="Negado",Candidatos!H288,"") | ... J288: =IF(Candidatos!$K288="Negado",Candidatos!J288,"") | K288: =IF(Candidatos!$K288="Negado",Candidatos!L288,"") | L288: =IF(Candidatos!$K288="Negado",Candidatos!M288,"")
A289: =IF(Candidatos!$K289="Negado",Candidatos!A289,"") | B289: =IF(Candidatos!$K289="Negado",Candidatos!B289,"") | C289: =IF(Candidatos!$K289="Negado",Candidatos!C289,"") | D289: =IF(Candidatos!$K289="Negado",Candidatos!D289,"") | E289: =IF(Candidatos!$K289="Negado",Candidatos!E289,"") | F289: =IF(Candidatos!$K289="Negado",Candidatos!F289,"") | G289: =IF(Candidatos!$K289="Negado",Candidatos!G289,"") | H289: =IF(Candidatos!$K289="Negado",Candidatos!H289,"") | ... J289: =IF(Candidatos!$K289="Negado",Candidatos!J289,"") | K289: =IF(Candidatos!$K289="Negado",Candidatos!L289,"") | L289: =IF(Candidatos!$K289="Negado",Candidatos!M289,"")
A290: =IF(Candidatos!$K290="Negado",Candidatos!A290,"") | B290: =IF(Candidatos!$K290="Negado",Candidatos!B290,"") | C290: =IF(Candidatos!$K290="Negado",Candidatos!C290,"") | D290: =IF(Candidatos!$K290="Negado",Candidatos!D290,"") | E290: =IF(Candidatos!$K290="Negado",Candidatos!E290,"") | F290: =IF(Candidatos!$K290="Negado",Candidatos!F290,"") | G290: =IF(Candidatos!$K290="Negado",Candidatos!G290,"") | H290: =IF(Candidatos!$K290="Negado",Candidatos!H290,"") | ... J290: =IF(Candidatos!$K290="Negado",Candidatos!J290,"") | K290: =IF(Candidatos!$K290="Negado",Candidatos!L290,"") | L290: =IF(Candidatos!$K290="Negado",Candidatos!M290,"")
A291: =IF(Candidatos!$K291="Negado",Candidatos!A291,"") | B291: =IF(Candidatos!$K291="Negado",Candidatos!B291,"") | C291: =IF(Candidatos!$K291="Negado",Candidatos!C291,"") | D291: =IF(Candidatos!$K291="Negado",Candidatos!D291,"") | E291: =IF(Candidatos!$K291="Negado",Candidatos!E291,"") | F291: =IF(Candidatos!$K291="Negado",Candidatos!F291,"") | G291: =IF(Candidatos!$K291="Negado",Candidatos!G291,"") | H291: =IF(Candidatos!$K291="Negado",Candidatos!H291,"") | ... J291: =IF(Candidatos!$K291="Negado",Candidatos!J291,"") | K291: =IF(Candidatos!$K291="Negado",Candidatos!L291,"") | L291: =IF(Candidatos!$K291="Negado",Candidatos!M291,"")
A292: =IF(Candidatos!$K292="Negado",Candidatos!A292,"") | B292: =IF(Candidatos!$K292="Negado",Candidatos!B292,"") | C292: =IF(Candidatos!$K292="Negado",Candidatos!C292,"") | D292: =IF(Candidatos!$K292="Negado",Candidatos!D292,"") | E292: =IF(Candidatos!$K292="Negado",Candidatos!E292,"") | F292: =IF(Candidatos!$K292="Negado",Candidatos!F292,"") | G292: =IF(Candidatos!$K292="Negado",Candidatos!G292,"") | H292: =IF(Candidatos!$K292="Negado",Candidatos!H292,"") | ... J292: =IF(Candidatos!$K292="Negado",Candidatos!J292,"") | K292: =IF(Candidatos!$K292="Negado",Candidatos!L292,"") | L292: =IF(Candidatos!$K292="Negado",Candidatos!M292,"")
A293: =IF(Candidatos!$K293="Negado",Candidatos!A293,"") | B293: =IF(Candidatos!$K293="Negado",Candidatos!B293,"") | C293: =IF(Candidatos!$K293="Negado",Candidatos!C293,"") | D293: =IF(Candidatos!$K293="Negado",Candidatos!D293,"") | E293: =IF(Candidatos!$K293="Negado",Candidatos!E293,"") | F293: =IF(Candidatos!$K293="Negado",Candidatos!F293,"") | G293: =IF(Candidatos!$K293="Negado",Candidatos!G293,"") | H293: =IF(Candidatos!$K293="Negado",Candidatos!H293,"") | ... J293: =IF(Candidatos!$K293="Negado",Candidatos!J293,"") | K293: =IF(Candidatos!$K293="Negado",Candidatos!L293,"") | L293: =IF(Candidatos!$K293="Negado",Candidatos!M293,"")
A294: =IF(Candidatos!$K294="Negado",Candidatos!A294,"") | B294: =IF(Candidatos!$K294="Negado",Candidatos!B294,"") | C294: =IF(Candidatos!$K294="Negado",Candidatos!C294,"") | D294: =IF(Candidatos!$K294="Negado",Candidatos!D294,"") | E294: =IF(Candidatos!$K294="Negado",Candidatos!E294,"") | F294: =IF(Candidatos!$K294="Negado",Candidatos!F294,"") | G294: =IF(Candidatos!$K294="Negado",Candidatos!G294,"") | H294: =IF(Candidatos!$K294="Negado",Candidatos!H294,"") | ... J294: =IF(Candidatos!$K294="Negado",Candidatos!J294,"") | K294: =IF(Candidatos!$K294="Negado",Candidatos!L294,"") | L294: =IF(Candidatos!$K294="Negado",Candidatos!M294,"")
A295: =IF(Candidatos!$K295="Negado",Candidatos!A295,"") | B295: =IF(Candidatos!$K295="Negado",Candidatos!B295,"") | C295: =IF(Candidatos!$K295="Negado",Candidatos!C295,"") | D295: =IF(Candidatos!$K295="Negado",Candidatos!D295,"") | E295: =IF(Candidatos!$K295="Negado",Candidatos!E295,"") | F295: =IF(Candidatos!$K295="Negado",Candidatos!F295,"") | G295: =IF(Candidatos!$K295="Negado",Candidatos!G295,"") | H295: =IF(Candidatos!$K295="Negado",Candidatos!H295,"") | ... J295: =IF(Candidatos!$K295="Negado",Candidatos!J295,"") | K295: =IF(Candidatos!$K295="Negado",Candidatos!L295,"") | L295: =IF(Candidatos!$K295="Negado",Candidatos!M295,"")
... A360: =IF(Candidatos!$K360="Negado",Candidatos!A360,"") | B360: =IF(Candidatos!$K360="Negado",Candidatos!B360,"") | C360: =IF(Candidatos!$K360="Negado",Candidatos!C360,"") | D360: =IF(Candidatos!$K360="Negado",Candidatos!D360,"") | E360: =IF(Candidatos!$K360="Negado",Candidatos!E360,"") | F360: =IF(Candidatos!$K360="Negado",Candidatos!F360,"") | G360: =IF(Candidatos!$K360="Negado",Candidatos!G360,"") | H360: =IF(Candidatos!$K360="Negado",Candidatos!H360,"") | ... J360: =IF(Candidatos!$K360="Negado",Candidatos!J360,"") | K360: =IF(Candidatos!$K360="Negado",Candidatos!L360,"") | L360: =IF(Candidatos!$K360="Negado",Candidatos!M360,"")
A361: =IF(Candidatos!$K361="Negado",Candidatos!A361,"") | B361: =IF(Candidatos!$K361="Negado",Candidatos!B361,"") | C361: =IF(Candidatos!$K361="Negado",Candidatos!C361,"") | D361: =IF(Candidatos!$K361="Negado",Candidatos!D361,"") | E361: =IF(Candidatos!$K361="Negado",Candidatos!E361,"") | F361: =IF(Candidatos!$K361="Negado",Candidatos!F361,"") | G361: =IF(Candidatos!$K361="Negado",Candidatos!G361,"") | H361: =IF(Candidatos!$K361="Negado",Candidatos!H361,"") | I361: =IF(Candidatos!$K361="Negado",#REF!,"") | J361: =IF(Candidatos!$K361="Negado",Candidatos!J361,"") | K361: =IF(Candidatos!$K361="Negado",Candidatos!L361,"") | L361: =IF(Candidatos!$K361="Negado",Candidatos!M361,"")
A362: =IF(Candidatos!$K362="Negado",Candidatos!A362,"") | B362: =IF(Candidatos!$K362="Negado",Candidatos!B362,"") | C362: =IF(Candidatos!$K362="Negado",Candidatos!C362,"") | D362: =IF(Candidatos!$K362="Negado",Candidatos!D362,"") | E362: =IF(Candidatos!$K362="Negado",Candidatos!E362,"") | F362: =IF(Candidatos!$K362="Negado",Candidatos!F362,"") | G362: =IF(Candidatos!$K362="Negado",Candidatos!G362,"") | H362: =IF(Candidatos!$K362="Negado",Candidatos!H362,"") | I362: =IF(Candidatos!$K362="Negado",Candidatos!I361,"") | J362: =IF(Candidatos!$K362="Negado",Candidatos!J362,"") | K362: =IF(Candidatos!$K362="Negado",Candidatos!L362,"") | L362: =IF(Candidatos!$K362="Negado",Candidatos!M362,"")
A363: =IF(Candidatos!$K363="Negado",Candidatos!A363,"") | B363: =IF(Candidatos!$K363="Negado",Candidatos!B363,"") | C363: =IF(Candidatos!$K363="Negado",Candidatos!C363,"") | D363: =IF(Candidatos!$K363="Negado",Candidatos!D363,"") | E363: =IF(Candidatos!$K363="Negado",Candidatos!E363,"") | F363: =IF(Candidatos!$K363="Negado",Candidatos!F363,"") | G363: =IF(Candidatos!$K363="Negado",Candidatos!G363,"") | H363: =IF(Candidatos!$K363="Negado",Candidatos!H363,"") | ... J363: =IF(Candidatos!$K363="Negado",Candidatos!J363,"") | K363: =IF(Candidatos!$K363="Negado",Candidatos!L363,"") | L363: =IF(Candidatos!$K363="Negado",Candidatos!M363,"")
A364: =IF(Candidatos!$K364="Negado",Candidatos!A364,"") | B364: =IF(Candidatos!$K364="Negado",Candidatos!B364,"") | C364: =IF(Candidatos!$K364="Negado",Candidatos!C364,"") | D364: =IF(Candidatos!$K364="Negado",Candidatos!D364,"") | E364: =IF(Candidatos!$K364="Negado",Candidatos!E364,"") | F364: =IF(Candidatos!$K364="Negado",Candidatos!F364,"") | G364: =IF(Candidatos!$K364="Negado",Candidatos!G364,"") | H364: =IF(Candidatos!$K364="Negado",Candidatos!H364,"") | ... J364: =IF(Candidatos!$K364="Negado",Candidatos!J364,"") | K364: =IF(Candidatos!$K364="Negado",Candidatos!L364,"") | L364: =IF(Candidatos!$K364="Negado",Candidatos!M364,"")
A365: =IF(Candidatos!$K365="Negado",Candidatos!A365,"") | B365: =IF(Candidatos!$K365="Negado",Candidatos!B365,"") | C365: =IF(Candidatos!$K365="Negado",Candidatos!C365,"") | D365: =IF(Candidatos!$K365="Negado",Candidatos!D365,"") | E365: =IF(Candidatos!$K365="Negado",Candidatos!E365,"") | F365: =IF(Candidatos!$K365="Negado",Candidatos!F365,"") | G365: =IF(Candidatos!$K365="Negado",Candidatos!G365,"") | H365: =IF(Candidatos!$K365="Negado",Candidatos!H365,"") | ... J365: =IF(Candidatos!$K365="Negado",Candidatos!J365,"") | K365: =IF(Candidatos!$K365="Negado",Candidatos!L365,"") | L365: =IF(Candidatos!$K365="Negado",Candidatos!M365,"")
A366: =IF(Candidatos!$K366="Negado",Candidatos!A366,"") | B366: =IF(Candidatos!$K366="Negado",Candidatos!B366,"") | C366: =IF(Candidatos!$K366="Negado",Candidatos!C366,"") | D366: =IF(Candidatos!$K366="Negado",Candidatos!D366,"") | E366: =IF(Candidatos!$K366="Negado",Candidatos!E366,"") | F366: =IF(Candidatos!$K366="Negado",Candidatos!F366,"") | G366: =IF(Candidatos!$K366="Negado",Candidatos!G366,"") | H366: =IF(Candidatos!$K366="Negado",Candidatos!H366,"") | ... J366: =IF(Candidatos!$K366="Negado",Candidatos!J366,"") | K366: =IF(Candidatos!$K366="Negado",Candidatos!L366,"") | L366: =IF(Candidatos!$K366="Negado",Candidatos!M366,"")
A367: =IF(Candidatos!$K367="Negado",Candidatos!A367,"") | B367: =IF(Candidatos!$K367="Negado",Candidatos!B367,"") | C367: =IF(Candidatos!$K367="Negado",Candidatos!C367,"") | D367: =IF(Candidatos!$K367="Negado",Candidatos!D367,"") | E367: =IF(Candidatos!$K367="Negado",Candidatos!E367,"") | F367: =IF(Candidatos!$K367="Negado",Candidatos!F367,"") | G367: =IF(Candidatos!$K367="Negado",Candidatos!G367,"") | H367: =IF(Candidatos!$K367="Negado",Candidatos!H367,"") | ... J367: =IF(Candidatos!$K367="Negado",Candidatos!J367,"") | K367: =IF(Candidatos!$K367="Negado",Candidatos!L367,"") | L367: =IF(Candidatos!$K367="Negado",Candidatos!M367,"")
A368: =IF(Candidatos!$K368="Negado",Candidatos!A368,"") | B368: =IF(Candidatos!$K368="Negado",Candidatos!B368,"") | C368: =IF(Candidatos!$K368="Negado",Candidatos!C368,"") | D368: =IF(Candidatos!$K368="Negado",Candidatos!D368,"") | E368: =IF(Candidatos!$K368="Negado",Candidatos!E368,"") | F368: =IF(Candidatos!$K368="Negado",Candidatos!F368,"") | G368: =IF(Candidatos!$K368="Negado",Candidatos!G368,"") | H368: =IF(Candidatos!$K368="Negado",Candidatos!H368,"") | ... J368: =IF(Candidatos!$K368="Negado",Candidatos!J368,"") | K368: =IF(Candidatos!$K368="Negado",Candidatos!L368,"") | L368: =IF(Candidatos!$K368="Negado",Candidatos!M368,"")
A369: =IF(Candidatos!$K369="Negado",Candidatos!A369,"") | B369: =IF(Candidatos!$K369="Negado",Candidatos!B369,"") | C369: =IF(Candidatos!$K369="Negado",Candidatos!C369,"") | D369: =IF(Candidatos!$K369="Negado",Candidatos!D369,"") | E369: =IF(Candidatos!$K369="Negado",Candidatos!E369,"") | F369: =IF(Candidatos!$K369="Negado",Candidatos!F369,"") | G369: =IF(Candidatos!$K369="Negado",Candidatos!G369,"") | H369: =IF(Candidatos!$K369="Negado",Candidatos!H369,"") | ... J369: =IF(Candidatos!$K369="Negado",Candidatos!J369,"") | K369: =IF(Candidatos!$K369="Negado",Candidatos!L369,"") | L369: =IF(Candidatos!$K369="Negado",Candidatos!M369,"")
A370: =IF(Candidatos!$K370="Negado",Candidatos!A370,"") | B370: =IF(Candidatos!$K370="Negado",Candidatos!B370,"") | C370: =IF(Candidatos!$K370="Negado",Candidatos!C370,"") | D370: =IF(Candidatos!$K370="Negado",Candidatos!D370,"") | E370: =IF(Candidatos!$K370="Negado",Candidatos!E370,"") | F370: =IF(Candidatos!$K370="Negado",Candidatos!F370,"") | G370: =IF(Candidatos!$K370="Negado",Candidatos!G370,"") | H370: =IF(Candidatos!$K370="Negado",Candidatos!H370,"") | ... J370: =IF(Candidatos!$K370="Negado",Candidatos!J370,"") | K370: =IF(Candidatos!$K370="Negado",Candidatos!L370,"") | L370: =IF(Candidatos!$K370="Negado",Candidatos!M370,"")
A371: =IF(Candidatos!$K371="Negado",Candidatos!A371,"") | B371: =IF(Candidatos!$K371="Negado",Candidatos!B371,"") | C371: =IF(Candidatos!$K371="Negado",Candidatos!C371,"") | D371: =IF(Candidatos!$K371="Negado",Candidatos!D371,"") | E371: =IF(Candidatos!$K371="Negado",Candidatos!E371,"") | F371: =IF(Candidatos!$K371="Negado",Candidatos!F371,"") | G371: =IF(Candidatos!$K371="Negado",Candidatos!G371,"") | H371: =IF(Candidatos!$K371="Negado",Candidatos!H371,"") | ... J371: =IF(Candidatos!$K371="Negado",Candidatos!J371,"") | K371: =IF(Candidatos!$K371="Negado",Candidatos!L371,"") | L371: =IF(Candidatos!$K371="Negado",Candidatos!M371,"")
A372: =IF(Candidatos!$K372="Negado",Candidatos!A372,"") | B372: =IF(Candidatos!$K372="Negado",Candidatos!B372,"") | C372: =IF(Candidatos!$K372="Negado",Candidatos!C372,"") | D372: =IF(Candidatos!$K372="Negado",Candidatos!D372,"") | E372: =IF(Candidatos!$K372="Negado",Candidatos!E372,"") | F372: =IF(Candidatos!$K372="Negado",Candidatos!F372,"") | G372: =IF(Candidatos!$K372="Negado",Candidatos!G372,"") | H372: =IF(Candidatos!$K372="Negado",Candidatos!H372,"") | ... J372: =IF(Candidatos!$K372="Negado",Candidatos!J372,"") | K372: =IF(Candidatos!$K372="Negado",Candidatos!L372,"") | L372: =IF(Candidatos!$K372="Negado",Candidatos!M372,"")
A373: =IF(Candidatos!$K373="Negado",Candidatos!A373,"") | B373: =IF(Candidatos!$K373="Negado",Candidatos!B373,"") | C373: =IF(Candidatos!$K373="Negado",Candidatos!C373,"") | D373: =IF(Candidatos!$K373="Negado",Candidatos!D373,"") | E373: =IF(Candidatos!$K373="Negado",Candidatos!E373,"") | F373: =IF(Candidatos!$K373="Negado",Candidatos!F373,"") | G373: =IF(Candidatos!$K373="Negado",Candidatos!G373,"") | H373: =IF(Candidatos!$K373="Negado",Candidatos!H373,"") | ... J373: =IF(Candidatos!$K373="Negado",Candidatos!J373,"") | K373: =IF(Candidatos!$K373="Negado",Candidatos!L373,"") | L373: =IF(Candidatos!$K373="Negado",Candidatos!M373,"")
A374: =IF(Candidatos!$K374="Negado",Candidatos!A374,"") | B374: =IF(Candidatos!$K374="Negado",Candidatos!B374,"") | C374: =IF(Candidatos!$K374="Negado",Candidatos!C374,"") | D374: =IF(Candidatos!$K374="Negado",Candidatos!D374,"") | E374: =IF(Candidatos!$K374="Negado",Candidatos!E374,"") | F374: =IF(Candidatos!$K374="Negado",Candidatos!F374,"") | G374: =IF(Candidatos!$K374="Negado",Candidatos!G374,"") | H374: =IF(Candidatos!$K374="Negado",Candidatos!H374,"") | ... J374: =IF(Candidatos!$K374="Negado",Candidatos!J374,"") | K374: =IF(Candidatos!$K374="Negado",Candidatos!L374,"") | L374: =IF(Candidatos!$K374="Negado",Candidatos!M374,"")
... A440: =IF(Candidatos!$K440="Negado",Candidatos!A440,"") | B440: =IF(Candidatos!$K440="Negado",Candidatos!B440,"") | C440: =IF(Candidatos!$K440="Negado",Candidatos!C440,"") | D440: =IF(Candidatos!$K440="Negado",Candidatos!D440,"") | E440: =IF(Candidatos!$K440="Negado",Candidatos!E440,"") | F440: =IF(Candidatos!$K440="Negado",Candidatos!F440,"") | G440: =IF(Candidatos!$K440="Negado",Candidatos!G440,"") | H440: =IF(Candidatos!$K440="Negado",Candidatos!H440,"") | ... J440: =IF(Candidatos!$K440="Negado",Candidatos!J440,"") | K440: =IF(Candidatos!$K440="Negado",Candidatos!L440,"") | L440: =IF(Candidatos!$K440="Negado",Candidatos!M440,"")
B441: =IF(Candidatos!$K441="Negado",Candidatos!B441,"") | C441: =IF(Candidatos!$K441="Negado",Candidatos!C441,"") | D441: =IF(Candidatos!$K441="Negado",Candidatos!D441,"") | E441: =IF(Candidatos!$K441="Negado",Candidatos!E441,"") | F441: =IF(Candidatos!$K441="Negado",Candidatos!F441,"") | G441: =IF(Candidatos!$K441="Negado",Candidatos!G441,"") | H441: =IF(Candidatos!$K441="Negado",Candidatos!H441,"") | I441: =IF(Candidatos!$K441="Negado",Candidatos!I441,"") | J441: =IF(Candidatos!$K441="Negado",Candidatos!J441,"") | K441: =IF(Candidatos!$K441="Negado",Candidatos!L441,"") | L441: =IF(Candidatos!$K441="Negado",Candidatos!M441,"")
B442: =IF(Candidatos!$K442="Negado",Candidatos!B442,"") | C442: =IF(Candidatos!$K442="Negado",Candidatos!C442,"") | D442: =IF(Candidatos!$K442="Negado",Candidatos!D442,"") | E442: =IF(Candidatos!$K442="Negado",Candidatos!E442,"") | F442: =IF(Candidatos!$K442="Negado",Candidatos!F442,"") | G442: =IF(Candidatos!$K442="Negado",Candidatos!G442,"") | H442: =IF(Candidatos!$K442="Negado",Candidatos!H442,"") | I442: =IF(Candidatos!$K442="Negado",Candidatos!I442,"") | J442: =IF(Candidatos!$K442="Negado",Candidatos!J442,"") | K442: =IF(Candidatos!$K442="Negado",Candidatos!L442,"") | L442: =IF(Candidatos!$K442="Negado",Candidatos!M442,"")
B443: =IF(Candidatos!$K443="Negado",Candidatos!B443,"") | C443: =IF(Candidatos!$K443="Negado",Candidatos!C443,"") | D443: =IF(Candidatos!$K443="Negado",Candidatos!D443,"") | E443: =IF(Candidatos!$K443="Negado",Candidatos!E443,"") | F443: =IF(Candidatos!$K443="Negado",Candidatos!F443,"") | G443: =IF(Candidatos!$K443="Negado",Candidatos!G443,"") | H443: =IF(Candidatos!$K443="Negado",Candidatos!H443,"") | I443: =IF(Candidatos!$K443="Negado",Candidatos!I443,"") | J443: =IF(Candidatos!$K443="Negado",Candidatos!J443,"") | K443: =IF(Candidatos!$K443="Negado",Candidatos!L443,"") | L443: =IF(Candidatos!$K443="Negado",Candidatos!M443,"")
B444: =IF(Candidatos!$K444="Negado",Candidatos!B444,"") | C444: =IF(Candidatos!$K444="Negado",Candidatos!C444,"") | D444: =IF(Candidatos!$K444="Negado",Candidatos!D444,"") | E444: =IF(Candidatos!$K444="Negado",Candidatos!E444,"") | F444: =IF(Candidatos!$K444="Negado",Candidatos!F444,"") | G444: =IF(Candidatos!$K444="Negado",Candidatos!G444,"") | H444: =IF(Candidatos!$K444="Negado",Candidatos!H444,"") | I444: =IF(Candidatos!$K444="Negado",Candidatos!I444,"") | J444: =IF(Candidatos!$K444="Negado",Candidatos!J444,"") | K444: =IF(Candidatos!$K444="Negado",Candidatos!L444,"") | L444: =IF(Candidatos!$K444="Negado",Candidatos!M444,"")
B445: =IF(Candidatos!$K445="Negado",Candidatos!B445,"") | C445: =IF(Candidatos!$K445="Negado",Candidatos!C445,"") | D445: =IF(Candidatos!$K445="Negado",Candidatos!D445,"") | E445: =IF(Candidatos!$K445="Negado",Candidatos!E445,"") | F445: =IF(Candidatos!$K445="Negado",Candidatos!F445,"") | G445: =IF(Candidatos!$K445="Negado",Candidatos!G445,"") | H445: =IF(Candidatos!$K445="Negado",Candidatos!H445,"") | I445: =IF(Candidatos!$K445="Negado",Candidatos!I445,"") | J445: =IF(Candidatos!$K445="Negado",Candidatos!J445,"") | K445: =IF(Candidatos!$K445="Negado",Candidatos!L445,"") | L445: =IF(Candidatos!$K445="Negado",Candidatos!M445,"")
B446: =IF(Candidatos!$K446="Negado",Candidatos!B446,"") | C446: =IF(Candidatos!$K446="Negado",Candidatos!C446,"") | D446: =IF(Candidatos!$K446="Negado",Candidatos!D446,"") | E446: =IF(Candidatos!$K446="Negado",Candidatos!E446,"") | F446: =IF(Candidatos!$K446="Negado",Candidatos!F446,"") | G446: =IF(Candidatos!$K446="Negado",Candidatos!G446,"") | H446: =IF(Candidatos!$K446="Negado",Candidatos!H446,"") | I446: =IF(Candidatos!$K446="Negado",Candidatos!I446,"") | J446: =IF(Candidatos!$K446="Negado",Candidatos!J446,"") | K446: =IF(Candidatos!$K446="Negado",Candidatos!L446,"") | L446: =IF(Candidatos!$K446="Negado",Candidatos!M446,"")
B447: =IF(Candidatos!$K447="Negado",Candidatos!B447,"") | C447: =IF(Candidatos!$K447="Negado",Candidatos!C447,"") | D447: =IF(Candidatos!$K447="Negado",Candidatos!D447,"") | E447: =IF(Candidatos!$K447="Negado",Candidatos!E447,"") | F447: =IF(Candidatos!$K447="Negado",Candidatos!F447,"") | G447: =IF(Candidatos!$K447="Negado",Candidatos!G447,"") | H447: =IF(Candidatos!$K447="Negado",Candidatos!H447,"") | I447: =IF(Candidatos!$K447="Negado",Candidatos!I447,"") | J447: =IF(Candidatos!$K447="Negado",Candidatos!J447,"") | K447: =IF(Candidatos!$K447="Negado",Candidatos!L447,"") | L447: =IF(Candidatos!$K447="Negado",Candidatos!M447,"")
B448: =IF(Candidatos!$K448="Negado",Candidatos!B448,"") | C448: =IF(Candidatos!$K448="Negado",Candidatos!C448,"") | D448: =IF(Candidatos!$K448="Negado",Candidatos!D448,"") | E448: =IF(Candidatos!$K448="Negado",Candidatos!E448,"") | F448: =IF(Candidatos!$K448="Negado",Candidatos!F448,"") | G448: =IF(Candidatos!$K448="Negado",Candidatos!G448,"") | H448: =IF(Candidatos!$K448="Negado",Candidatos!H448,"") | I448: =IF(Candidatos!$K448="Negado",Candidatos!I448,"") | J448: =IF(Candidatos!$K448="Negado",Candidatos!J448,"") | K448: =IF(Candidatos!$K448="Negado",Candidatos!L448,"") | L448: =IF(Candidatos!$K448="Negado",Candidatos!M448,"")
B449: =IF(Candidatos!$K449="Negado",Candidatos!B449,"") | C449: =IF(Candidatos!$K449="Negado",Candidatos!C449,"") | D449: =IF(Candidatos!$K449="Negado",Candidatos!D449,"") | E449: =IF(Candidatos!$K449="Negado",Candidatos!E449,"") | F449: =IF(Candidatos!$K449="Negado",Candidatos!F449,"") | G449: =IF(Candidatos!$K449="Negado",Candidatos!G449,"") | H449: =IF(Candidatos!$K449="Negado",Candidatos!H449,"") | I449: =IF(Candidatos!$K449="Negado",Candidatos!I449,"") | J449: =IF(Candidatos!$K449="Negado",Candidatos!J449,"") | K449: =IF(Candidatos!$K449="Negado",Candidatos!L449,"") | L449: =IF(Candidatos!$K449="Negado",Candidatos!M449,"")
B450: =IF(Candidatos!$K450="Negado",Candidatos!B450,"") | C450: =IF(Candidatos!$K450="Negado",Candidatos!C450,"") | D450: =IF(Candidatos!$K450="Negado",Candidatos!D450,"") | E450: =IF(Candidatos!$K450="Negado",Candidatos!E450,"") | F450: =IF(Candidatos!$K450="Negado",Candidatos!F450,"") | G450: =IF(Candidatos!$K450="Negado",Candidatos!G450,"") | H450: =IF(Candidatos!$K450="Negado",Candidatos!H450,"") | I450: =IF(Candidatos!$K450="Negado",Candidatos!I450,"") | J450: =IF(Candidatos!$K450="Negado",Candidatos!J450,"") | K450: =IF(Candidatos!$K450="Negado",Candidatos!L450,"") | L450: =IF(Candidatos!$K450="Negado",Candidatos!M450,"")
B451: =IF(Candidatos!$K451="Negado",Candidatos!B451,"") | C451: =IF(Candidatos!$K451="Negado",Candidatos!C451,"") | D451: =IF(Candidatos!$K451="Negado",Candidatos!D451,"") | E451: =IF(Candidatos!$K451="Negado",Candidatos!E451,"") | F451: =IF(Candidatos!$K451="Negado",Candidatos!F451,"") | G451: =IF(Candidatos!$K451="Negado",Candidatos!G451,"") | H451: =IF(Candidatos!$K451="Negado",Candidatos!H451,"") | I451: =IF(Candidatos!$K451="Negado",Candidatos!I451,"") | J451: =IF(Candidatos!$K451="Negado",Candidatos!J451,"") | K451: =IF(Candidatos!$K451="Negado",Candidatos!L451,"") | L451: =IF(Candidatos!$K451="Negado",Candidatos!M451,"")
B452: =IF(Candidatos!$K452="Negado",Candidatos!B452,"") | C452: =IF(Candidatos!$K452="Negado",Candidatos!C452,"") | D452: =IF(Candidatos!$K452="Negado",Candidatos!D452,"") | E452: =IF(Candidatos!$K452="Negado",Candidatos!E452,"") | F452: =IF(Candidatos!$K452="Negado",Candidatos!F452,"") | G452: =IF(Candidatos!$K452="Negado",Candidatos!G452,"") | H452: =IF(Candidatos!$K452="Negado",Candidatos!H452,"") | I452: =IF(Candidatos!$K452="Negado",Candidatos!I452,"") | J452: =IF(Candidatos!$K452="Negado",Candidatos!J452,"") | K452: =IF(Candidatos!$K452="Negado",Candidatos!L452,"") | L452: =IF(Candidatos!$K452="Negado",Candidatos!M452,"")
... B626: =IF(Candidatos!$K626="Negado",Candidatos!B626,"") | C626: =IF(Candidatos!$K626="Negado",Candidatos!C626,"") | D626: =IF(Candidatos!$K626="Negado",Candidatos!D626,"") | E626: =IF(Candidatos!$K626="Negado",Candidatos!E626,"") | F626: =IF(Candidatos!$K626="Negado",Candidatos!F626,"") | G626: =IF(Candidatos!$K626="Negado",Candidatos!G626,"") | H626: =IF(Candidatos!$K626="Negado",Candidatos!H626,"") | I626: =IF(Candidatos!$K626="Negado",Candidatos!I626,"") | J626: =IF(Candidatos!$K626="Negado",Candidatos!J626,"") | K626: =IF(Candidatos!$K626="Negado",Candidatos!L626,"") | L626: =IF(Candidatos!$K626="Negado",Candidatos!M626,"")
C627: =IF(Candidatos!$K627="Negado",Candidatos!C627,"") | D627: =IF(Candidatos!$K627="Negado",Candidatos!D627,"") | E627: =IF(Candidatos!$K627="Negado",Candidatos!E627,"") | F627: =IF(Candidatos!$K627="Negado",Candidatos!F627,"") | G627: =IF(Candidatos!$K627="Negado",Candidatos!G627,"") | H627: =IF(Candidatos!$K627="Negado",Candidatos!H627,"") | I627: =IF(Candidatos!$K627="Negado",Candidatos!I627,"") | J627: =IF(Candidatos!$K627="Negado",Candidatos!J627,"") | K627: =IF(Candidatos!$K627="Negado",Candidatos!L627,"") | L627: =IF(Candidatos!$K627="Negado",Candidatos!M627,"")
C628: =IF(Candidatos!$K628="Negado",Candidatos!C628,"") | D628: =IF(Candidatos!$K628="Negado",Candidatos!D628,"") | E628: =IF(Candidatos!$K628="Negado",Candidatos!E628,"") | F628: =IF(Candidatos!$K628="Negado",Candidatos!F628,"") | G628: =IF(Candidatos!$K628="Negado",Candidatos!G628,"") | H628: =IF(Candidatos!$K628="Negado",Candidatos!H628,"") | I628: =IF(Candidatos!$K628="Negado",Candidatos!I628,"") | J628: =IF(Candidatos!$K628="Negado",Candidatos!J628,"") | K628: =IF(Candidatos!$K628="Negado",Candidatos!L628,"") | L628: =IF(Candidatos!$K628="Negado",Candidatos!M628,"")
C629: =IF(Candidatos!$K629="Negado",Candidatos!C629,"") | D629: =IF(Candidatos!$K629="Negado",Candidatos!D629,"") | E629: =IF(Candidatos!$K629="Negado",Candidatos!E629,"") | F629: =IF(Candidatos!$K629="Negado",Candidatos!F629,"") | G629: =IF(Candidatos!$K629="Negado",Candidatos!G629,"") | H629: =IF(Candidatos!$K629="Negado",Candidatos!H629,"") | I629: =IF(Candidatos!$K629="Negado",Candidatos!I629,"") | J629: =IF(Candidatos!$K629="Negado",Candidatos!J629,"") | K629: =IF(Candidatos!$K629="Negado",Candidatos!L629,"") | L629: =IF(Candidatos!$K629="Negado",Candidatos!M629,"")
C630: =IF(Candidatos!$K630="Negado",Candidatos!C630,"") | D630: =IF(Candidatos!$K630="Negado",Candidatos!D630,"") | E630: =IF(Candidatos!$K630="Negado",Candidatos!E630,"") | F630: =IF(Candidatos!$K630="Negado",Candidatos!F630,"") | G630: =IF(Candidatos!$K630="Negado",Candidatos!G630,"") | H630: =IF(Candidatos!$K630="Negado",Candidatos!H630,"") | I630: =IF(Candidatos!$K630="Negado",Candidatos!I630,"") | J630: =IF(Candidatos!$K630="Negado",Candidatos!J630,"") | K630: =IF(Candidatos!$K630="Negado",Candidatos!L630,"") | L630: =IF(Candidatos!$K630="Negado",Candidatos!M630,"")
C631: =IF(Candidatos!$K631="Negado",Candidatos!C631,"") | D631: =IF(Candidatos!$K631="Negado",Candidatos!D631,"") | E631: =IF(Candidatos!$K631="Negado",Candidatos!E631,"") | F631: =IF(Candidatos!$K631="Negado",Candidatos!F631,"") | G631: =IF(Candidatos!$K631="Negado",Candidatos!G631,"") | H631: =IF(Candidatos!$K631="Negado",Candidatos!H631,"") | I631: =IF(Candidatos!$K631="Negado",Candidatos!I631,"") | J631: =IF(Candidatos!$K631="Negado",Candidatos!J631,"") | K631: =IF(Candidatos!$K631="Negado",Candidatos!L631,"") | L631: =IF(Candidatos!$K631="Negado",Candidatos!M631,"")
C632: =IF(Candidatos!$K632="Negado",Candidatos!C632,"") | D632: =IF(Candidatos!$K632="Negado",Candidatos!D632,"") | E632: =IF(Candidatos!$K632="Negado",Candidatos!E632,"") | F632: =IF(Candidatos!$K632="Negado",Candidatos!F632,"") | G632: =IF(Candidatos!$K632="Negado",Candidatos!G632,"") | H632: =IF(Candidatos!$K632="Negado",Candidatos!H632,"") | I632: =IF(Candidatos!$K632="Negado",Candidatos!I632,"") | J632: =IF(Candidatos!$K632="Negado",Candidatos!J632,"") | K632: =IF(Candidatos!$K632="Negado",Candidatos!L632,"") | L632: =IF(Candidatos!$K632="Negado",Candidatos!M632,"")
C633: =IF(Candidatos!$K633="Negado",Candidatos!C633,"") | D633: =IF(Candidatos!$K633="Negado",Candidatos!D633,"") | E633: =IF(Candidatos!$K633="Negado",Candidatos!E633,"") | F633: =IF(Candidatos!$K633="Negado",Candidatos!F633,"") | G633: =IF(Candidatos!$K633="Negado",Candidatos!G633,"") | H633: =IF(Candidatos!$K633="Negado",Candidatos!H633,"") | I633: =IF(Candidatos!$K633="Negado",Candidatos!I633,"") | J633: =IF(Candidatos!$K633="Negado",Candidatos!J633,"") | K633: =IF(Candidatos!$K633="Negado",Candidatos!L633,"") | L633: =IF(Candidatos!$K633="Negado",Candidatos!M633,"")
C634: =IF(Candidatos!$K634="Negado",Candidatos!C634,"") | D634: =IF(Candidatos!$K634="Negado",Candidatos!D634,"") | E634: =IF(Candidatos!$K634="Negado",Candidatos!E634,"") | F634: =IF(Candidatos!$K634="Negado",Candidatos!F634,"") | G634: =IF(Candidatos!$K634="Negado",Candidatos!G634,"") | H634: =IF(Candidatos!$K634="Negado",Candidatos!H634,"") | I634: =IF(Candidatos!$K634="Negado",Candidatos!I634,"") | J634: =IF(Candidatos!$K634="Negado",Candidatos!J634,"") | K634: =IF(Candidatos!$K634="Negado",Candidatos!L634,"") | L634: =IF(Candidatos!$K634="Negado",Candidatos!M634,"")
C635: =IF(Candidatos!$K635="Negado",Candidatos!C635,"") | D635: =IF(Candidatos!$K635="Negado",Candidatos!D635,"") | E635: =IF(Candidatos!$K635="Negado",Candidatos!E635,"") | F635: =IF(Candidatos!$K635="Negado",Candidatos!F635,"") | G635: =IF(Candidatos!$K635="Negado",Candidatos!G635,"") | I635: =IF(Candidatos!$K635="Negado",Candidatos!I635,"") | J635: =IF(Candidatos!$K635="Negado",Candidatos!J635,"") | K635: =IF(Candidatos!$K635="Negado",Candidatos!L635,"") | L635: =IF(Candidatos!$K635="Negado",Candidatos!M635,"")
C636: =IF(Candidatos!$K636="Negado",Candidatos!C636,"") | D636: =IF(Candidatos!$K636="Negado",Candidatos!D636,"") | F636: =IF(Candidatos!$K636="Negado",Candidatos!F636,"") | G636: =IF(Candidatos!$K636="Negado",Candidatos!G636,"") | I636: =IF(Candidatos!$K636="Negado",Candidatos!I636,"") | J636: =IF(Candidatos!$K636="Negado",Candidatos!J636,"") | K636: =IF(Candidatos!$K636="Negado",Candidatos!L636,"") | L636: =IF(Candidatos!$K636="Negado",Candidatos!M636,"")
C637: =IF(Candidatos!$K637="Negado",Candidatos!C637,"") | D637: =IF(Candidatos!$K637="Negado",Candidatos!D637,"") | F637: =IF(Candidatos!$K637="Negado",Candidatos!F637,"") | G637: =IF(Candidatos!$K637="Negado",Candidatos!G637,"") | I637: =IF(Candidatos!$K637="Negado",Candidatos!I637,"") | J637: =IF(Candidatos!$K637="Negado",Candidatos!J637,"") | K637: =IF(Candidatos!$K637="Negado",Candidatos!L637,"") | L637: =IF(Candidatos!$K637="Negado",Candidatos!M637,"")
C638: =IF(Candidatos!$K638="Negado",Candidatos!C638,"") | D638: =IF(Candidatos!$K638="Negado",Candidatos!D638,"") | F638: =IF(Candidatos!$K638="Negado",Candidatos!F638,"") | G638: =IF(Candidatos!$K638="Negado",Candidatos!G638,"") | I638: =IF(Candidatos!$K638="Negado",Candidatos!I638,"") | J638: =IF(Candidatos!$K638="Negado",Candidatos!J638,"") | K638: =IF(Candidatos!$K638="Negado",Candidatos!L638,"") | L638: =IF(Candidatos!$K638="Negado",Candidatos!M638,"")
C639: =IF(Candidatos!$K639="Negado",Candidatos!C639,"") | D639: =IF(Candidatos!$K639="Negado",Candidatos!D639,"") | F639: =IF(Candidatos!$K639="Negado",Candidatos!F639,"") | G639: =IF(Candidatos!$K639="Negado",Candidatos!G639,"") | I639: =IF(Candidatos!$K639="Negado",Candidatos!I639,"") | J639: =IF(Candidatos!$K639="Negado",Candidatos!J639,"") | K639: =IF(Candidatos!$K639="Negado",Candidatos!L639,"") | L639: =IF(Candidatos!$K639="Negado",Candidatos!M639,"")
C640: =IF(Candidatos!$K640="Negado",Candidatos!C640,"") | D640: =IF(Candidatos!$K640="Negado",Candidatos!D640,"") | F640: =IF(Candidatos!$K640="Negado",Candidatos!F640,"") | G640: =IF(Candidatos!$K640="Negado",Candidatos!G640,"") | I640: =IF(Candidatos!$K640="Negado",Candidatos!I640,"") | J640: =IF(Candidatos!$K640="Negado",Candidatos!J640,"") | K640: =IF(Candidatos!$K640="Negado",Candidatos!L640,"") | L640: =IF(Candidatos!$K640="Negado",Candidatos!M640,"")
C641: =IF(Candidatos!$K641="Negado",Candidatos!C641,"") | D641: =IF(Candidatos!$K641="Negado",Candidatos!D641,"") | F641: =IF(Candidatos!$K641="Negado",Candidatos!F641,"") | G641: =IF(Candidatos!$K641="Negado",Candidatos!G641,"") | I641: =IF(Candidatos!$K641="Negado",Candidatos!I641,"") | J641: =IF(Candidatos!$K641="Negado",Candidatos!J641,"") | K641: =IF(Candidatos!$K641="Negado",Candidatos!L641,"") | L641: =IF(Candidatos!$K641="Negado",Candidatos!M641,"")
C642: =IF(Candidatos!$K642="Negado",Candidatos!C642,"") | D642: =IF(Candidatos!$K642="Negado",Candidatos!D642,"") | F642: =IF(Candidatos!$K642="Negado",Candidatos!F642,"") | G642: =IF(Candidatos!$K642="Negado",Candidatos!G642,"") | I642: =IF(Candidatos!$K642="Negado",Candidatos!I642,"") | J642: =IF(Candidatos!$K642="Negado",Candidatos!J642,"") | K642: =IF(Candidatos!$K642="Negado",Candidatos!L642,"") | L642: =IF(Candidatos!$K642="Negado",Candidatos!M642,"")
C643: =IF(Candidatos!$K643="Negado",Candidatos!C643,"") | D643: =IF(Candidatos!$K643="Negado",Candidatos!D643,"") | F643: =IF(Candidatos!$K643="Negado",Candidatos!F643,"") | G643: =IF(Candidatos!$K643="Negado",Candidatos!G643,"") | I643: =IF(Candidatos!$K643="Negado",Candidatos!I643,"") | J643: =IF(Candidatos!$K643="Negado",Candidatos!J643,"") | K643: =IF(Candidatos!$K643="Negado",Candidatos!L643,"") | L643: =IF(Candidatos!$K643="Negado",Candidatos!M643,"")
C644: =IF(Candidatos!$K644="Negado",Candidatos!C644,"") | D644: =IF(Candidatos!$K644="Negado",Candidatos!D644,"") | F644: =IF(Candidatos!$K644="Negado",Candidatos!F644,"") | G644: =IF(Candidatos!$K644="Negado",Candidatos!G644,"") | I644: =IF(Candidatos!$K644="Negado",Candidatos!I644,"") | J644: =IF(Candidatos!$K644="Negado",Candidatos!J644,"") | K644: =IF(Candidatos!$K644="Negado",Candidatos!L644,"") | L644: =IF(Candidatos!$K644="Negado",Candidatos!M644,"")
C645: =IF(Candidatos!$K645="Negado",Candidatos!C645,"") | D645: =IF(Candidatos!$K645="Negado",Candidatos!D645,"") | F645: =IF(Candidatos!$K645="Negado",Candidatos!F645,"") | G645: =IF(Candidatos!$K645="Negado",Candidatos!G645,"") | I645: =IF(Candidatos!$K645="Negado",Candidatos!I645,"") | J645: =IF(Candidatos!$K645="Negado",Candidatos!J645,"") | K645: =IF(Candidatos!$K645="Negado",Candidatos!L645,"") | L645: =IF(Candidatos!$K645="Negado",Candidatos!M645,"")
C646: =IF(Candidatos!$K646="Negado",Candidatos!C646,"") | D646: =IF(Candidatos!$K646="Negado",Candidatos!D646,"") | F646: =IF(Candidatos!$K646="Negado",Candidatos!F646,"") | G646: =IF(Candidatos!$K646="Negado",Candidatos!G646,"") | I646: =IF(Candidatos!$K646="Negado",Candidatos!I646,"") | J646: =IF(Candidatos!$K646="Negado",Candidatos!J646,"") | K646: =IF(Candidatos!$K646="Negado",Candidatos!L646,"") | L646: =IF(Candidatos!$K646="Negado",Candidatos!M646,"")
C647: =IF(Candidatos!$K647="Negado",Candidatos!C647,"") | D647: =IF(Candidatos!$K647="Negado",Candidatos!D647,"") | F647: =IF(Candidatos!$K647="Negado",Candidatos!F647,"") | G647: =IF(Candidatos!$K647="Negado",Candidatos!G647,"") | I647: =IF(Candidatos!$K647="Negado",Candidatos!I647,"") | J647: =IF(Candidatos!$K647="Negado",Candidatos!J647,"") | K647: =IF(Candidatos!$K647="Negado",Candidatos!L647,"") | L647: =IF(Candidatos!$K647="Negado",Candidatos!M647,"")
... C650: =IF(Candidatos!$K650="Negado",Candidatos!C650,"") | D650: =IF(Candidatos!$K650="Negado",Candidatos!D650,"") | F650: =IF(Candidatos!$K650="Negado",Candidatos!F650,"") | G650: =IF(Candidatos!$K650="Negado",Candidatos!G650,"") | I650: =IF(Candidatos!$K650="Negado",Candidatos!I650,"") | J650: =IF(Candidatos!$K650="Negado",Candidatos!J650,"") | K650: =IF(Candidatos!$K650="Negado",Candidatos!L650,"") | L650: =IF(Candidatos!$K650="Negado",Candidatos!M650,"")
C651: =IF(Candidatos!$K651="Negado",Candidatos!C651,"") | D651: =IF(Candidatos!$K651="Negado",Candidatos!D651,"") | G651: =IF(Candidatos!$K651="Negado",Candidatos!G651,"") | J651: =IF(Candidatos!$K651="Negado",Candidatos!J651,"") | K651: =IF(Candidatos!$K651="Negado",Candidatos!L651,"") | L651: =IF(Candidatos!$K651="Negado",Candidatos!M651,"")
C652: =IF(Candidatos!$K652="Negado",Candidatos!C652,"") | D652: =IF(Candidatos!$K652="Negado",Candidatos!D652,"") | G652: =IF(Candidatos!$K652="Negado",Candidatos!G652,"") | J652: =IF(Candidatos!$K652="Negado",Candidatos!J652,"") | K652: =IF(Candidatos!$K652="Negado",Candidatos!L652,"") | L652: =IF(Candidatos!$K652="Negado",Candidatos!M652,"")
C653: =IF(Candidatos!$K653="Negado",Candidatos!C653,"") | D653: =IF(Candidatos!$K653="Negado",Candidatos!D653,"") | G653: =IF(Candidatos!$K653="Negado",Candidatos!G653,"") | J653: =IF(Candidatos!$K653="Negado",Candidatos!J653,"") | K653: =IF(Candidatos!$K653="Negado",Candidatos!L653,"") | L653: =IF(Candidatos!$K653="Negado",Candidatos!M653,"")
C654: =IF(Candidatos!$K654="Negado",Candidatos!C654,"") | D654: =IF(Candidatos!$K654="Negado",Candidatos!D654,"") | G654: =IF(Candidatos!$K654="Negado",Candidatos!G654,"") | K654: =IF(Candidatos!$K654="Negado",Candidatos!L654,"") | L654: =IF(Candidatos!$K654="Negado",Candidatos!M654,"")
C655: =IF(Candidatos!$K655="Negado",Candidatos!C655,"") | D655: =IF(Candidatos!$K655="Negado",Candidatos!D655,"") | G655: =IF(Candidatos!$K655="Negado",Candidatos!G655,"") | K655: =IF(Candidatos!$K655="Negado",Candidatos!L655,"") | L655: =IF(Candidatos!$K655="Negado",Candidatos!M655,"")
C656: =IF(Candidatos!$K656="Negado",Candidatos!C656,"") | D656: =IF(Candidatos!$K656="Negado",Candidatos!D656,"") | G656: =IF(Candidatos!$K656="Negado",Candidatos!G656,"") | K656: =IF(Candidatos!$K656="Negado",Candidatos!L656,"") | L656: =IF(Candidatos!$K656="Negado",Candidatos!M656,"")
D657: =IF(Candidatos!$K657="Negado",Candidatos!D657,"") | G657: =IF(Candidatos!$K657="Negado",Candidatos!G657,"") | K657: =IF(Candidatos!$K657="Negado",Candidatos!L657,"") | L657: =IF(Candidatos!$K657="Negado",Candidatos!M657,"")
D658: =IF(Candidatos!$K658="Negado",Candidatos!D658,"") | G658: =IF(Candidatos!$K658="Negado",Candidatos!G658,"") | K658: =IF(Candidatos!$K658="Negado",Candidatos!L658,"") | L658: =IF(Candidatos!$K658="Negado",Candidatos!M658,"")
D659: =IF(Candidatos!$K659="Negado",Candidatos!D659,"") | G659: =IF(Candidatos!$K659="Negado",Candidatos!G659,"") | K659: =IF(Candidatos!$K659="Negado",Candidatos!L659,"") | L659: =IF(Candidatos!$K659="Negado",Candidatos!M659,"")
D660: =IF(Candidatos!$K660="Negado",Candidatos!D660,"") | G660: =IF(Candidatos!$K660="Negado",Candidatos!G660,"") | K660: =IF(Candidatos!$K660="Negado",Candidatos!L660,"") | L660: =IF(Candidatos!$K660="Negado",Candidatos!M660,"")
D661: =IF(Candidatos!$K661="Negado",Candidatos!D661,"") | G661: =IF(Candidatos!$K661="Negado",Candidatos!G661,"") | K661: =IF(Candidatos!$K661="Negado",Candidatos!L661,"") | L661: =IF(Candidatos!$K661="Negado",Candidatos!M661,"")
D662: =IF(Candidatos!$K662="Negado",Candidatos!D662,"") | G662: =IF(Candidatos!$K662="Negado",Candidatos!G662,"") | K662: =IF(Candidatos!$K662="Negado",Candidatos!L662,"") | L662: =IF(Candidatos!$K662="Negado",Candidatos!M662,"")
D663: =IF(Candidatos!$K663="Negado",Candidatos!D663,"") | G663: =IF(Candidatos!$K663="Negado",Candidatos!G663,"") | K663: =IF(Candidatos!$K663="Negado",Candidatos!L663,"") | L663: =IF(Candidatos!$K663="Negado",Candidatos!M663,"")
D664: =IF(Candidatos!$K664="Negado",Candidatos!D664,"") | G664: =IF(Candidatos!$K664="Negado",Candidatos!G664,"") | K664: =IF(Candidatos!$K664="Negado",Candidatos!L664,"") | L664: =IF(Candidatos!$K664="Negado",Candidatos!M664,"")
D665: =IF(Candidatos!$K665="Negado",Candidatos!D665,"") | G665: =IF(Candidatos!$K665="Negado",Candidatos!G665,"") | K665: =IF(Candidatos!$K665="Negado",Candidatos!L665,"") | L665: =IF(Candidatos!$K665="Negado",Candidatos!M665,"")
D666: =IF(Candidatos!$K666="Negado",Candidatos!D666,"") | G666: =IF(Candidatos!$K666="Negado",Candidatos!G666,"") | K666: =IF(Candidatos!$K666="Negado",Candidatos!L666,"") | L666: =IF(Candidatos!$K666="Negado",Candidatos!M666,"")
D667: =IF(Candidatos!$K667="Negado",Candidatos!D667,"") | G667: =IF(Candidatos!$K667="Negado",Candidatos!G667,"") | K667: =IF(Candidatos!$K667="Negado",Candidatos!L667,"") | L667: =IF(Candidatos!$K667="Negado",Candidatos!M667,"")
D668: =IF(Candidatos!$K668="Negado",Candidatos!D668,"") | G668: =IF(Candidatos!$K668="Negado",Candidatos!G668,"") | K668: =IF(Candidatos!$K668="Negado",Candidatos!L668,"") | L668: =IF(Candidatos!$K668="Negado",Candidatos!M668,"")
... D678: =IF(Candidatos!$K678="Negado",Candidatos!D678,"") | G678: =IF(Candidatos!$K678="Negado",Candidatos!G678,"") | K678: =IF(Candidatos!$K678="Negado",Candidatos!L678,"") | L678: =IF(Candidatos!$K678="Negado",Candidatos!M678,"")
G679: =IF(Candidatos!$K679="Negado",Candidatos!G679,"") | K679: =IF(Candidatos!$K679="Negado",Candidatos!L679,"") | L679: =IF(Candidatos!$K679="Negado",Candidatos!M679,"")
G680: =IF(Candidatos!$K680="Negado",Candidatos!G680,"") | K680: =IF(Candidatos!$K680="Negado",Candidatos!L680,"") | L680: =IF(Candidatos!$K680="Negado",Candidatos!M680,"")
...

Sheet Database
A1: Data de inscrição | B1: Nome do inscrito(a) | C1: Idade | D1: e-mail | E1: Celular/WhatsApp | F1: Região | G1: Turma | H1: Renda Familiar

Sheet legenda
A1: Região | B1: Status | C1: Equipe | D1: Turma | E1: Idade | F1: Motivo | G1: Renda Familiar
A2: SP | B2: Aprovado | C2: pessoa1 | D2: Online T | E2: Menos de 16 anos | F2: Sem interesse
A3: SP/RP | B3: Negado | C3: pessoa2 | D3: Online M | E3: Entre 16 a 24 anos | F3: desistencia
A4: BA | B4: Em analise | C4: pessoa3 | D4: Presencial | E4: Mais de 24 anos | F4: Conflito de agenda
A5: PE | C5: pessoa4 | F5: Inscrição incorreta
A6: AM | F6: Reserva
A7: AP | F7: Trabalhando
A8: RN | F8: S/Requisitos
A9: RS
A10: RJ
A11: ES
A12: MG
A13: MT
A14: DF
A15: AC
A16: AL
A17: CE
A18: GO
A19: MA
A20: MS
... A27: TO
